OBJECTID *,IN_FID,NEAR_FID,NEAR_DIST,name_chk,dir_chk,Sensor_ID,MHN_ID
1,1,349,11.088661,100,pass,IL-TESTTSC-STEVENSON-N-6027,11714-11843-1
2,2,676,17.394368,100,pass,IL-TESTTSC-EDENS-N-1104,13702-20684-1
3,3,660,0.283513,100,pass,IL-TESTTSC-EDENS-N-1126,13316-13201-1
4,4,1104,3.475892,100,pass,IL-TESTTSC-DAN_RYAN_EXPRESS-N-5021,21088-15295-1
5,5,43,5.793484,100,pass,IL-TESTTSC-DAN_RYAN_EXPRESS-S-5102,21047-15275-1
6,6,412,12.753519,100,pass,IL-TESTTSC-KINGERY-W-8002,16715-16493-1
7,7,680,6.269223,100,pass,IL-TESTTSC-EDENS-S-1028,20661-20662-1
8,8,863,49.721581,52,fail,IL-TESTTSC-DAN_RYAN_EXPRESS-S-5156,15893-20828-1
9,9,880,0.645907,100,pass,IL-TESTTSC-BISHOP_FORD-S-7111,16211-20866-1
10,10,1650,20.821762,100,pass,IL-TESTTSC-ROUTE_53_I_355_CONNECTOR-N-24101,21671-21669-1
11,11,572,21.591616,100,pass,IL-TESTTSC-I_80-E-35042,20488-12288-1
12,12,40,4.790155,100,pass,IL-TESTTSC-KENNEDY-E-2043,15260-21047-1
13,13,1143,18.515603,100,pass,IL-TESTTSC-I_55-N-6011,21157-21156-1
14,14,493,4.806018,100,pass,IL-TESTTSC-I_290-W-4119,20156-10184-1
15,15,868,11.835941,100,pass,IL-TESTTSC-DAN_RYAN_EXPRESS-N-5083,15930-20829-1
16,16,1731,13.496984,100,pass,IL-TESTTSC-I_80-W-35101,14643-14440-1
17,17,673,3.68069,100,pass,IL-TESTTSC-EDENS-N-1110,13646-13462-1
18,18,556,21.608645,100,pass,IL-TESTTSC-I_80-W-35135,20490-10521-1
19,19,41,2.376417,100,pass,IL-TESTTSC-KENNEDY-W-2101,15295-20991-1
20,20,1745,7.33271,100,pass,IL-TESTTSC-DAN_RYAN-S-5302,15639-15638-1
21,21,820,15.979505,100,pass,IL-TESTTSC-I_57-N-9029,15026-20839-1
22,22,2163,24.3541,100,pass,IL-TESTTSC-I_55-S-6152,21174-9459-1
23,23,925,23.658192,100,pass,IL-TESTTSC-BISHOP_FORD-N-7023,20852-16238-1
24,24,2164,19.278056,100,pass,IL-TESTTSC-I_55-S-6155,9459-8843-1
25,25,208,25.715694,22,pass,IL-TESTTSC-LAKE_SHORE_DRIVE_SOUTH-N-10001,16377-21322-1
26,26,819,15.666811,100,pass,IL-TESTTSC-I_57-N-9024,14985-14986-1
27,27,183,5.050858,100,pass,IL-TESTTSC-KENNEDY-W-2105,20986-15286-1
28,28,853,29.324635,28,fail,IL-TESTTSC-DAN_RYAN-N-5055,15783-15686-1
29,29,263,18.07964,100,fail,IL-TESTTSC-ROUTE_53-N-11104,9952-9953-1
30,30,170,8.584743,100,pass,IL-TESTTSC-KENNEDY-E-2022,21367-21378-1
31,31,680,3.194656,100,pass,IL-TESTTSC-EDENS-S-1029,20661-20662-1
32,32,1615,17.943072,100,pass,IL-TESTTSC-KENNEDY-E-2012,21641-13003-1
33,33,1720,18.729912,100,pass,IL-TESTTSC-EISENHOWER-E-3007,12343-12521-1
34,35,2136,16.958658,100,pass,IL-TESTTSC-STEVENSON-N-6050,21109-14768-1
35,36,690,17.877787,100,pass,IL-TESTTSC-EDENS-N-1105,20684-20681-1
36,37,275,0.245913,100,pass,IL-TESTTSC-I_290-E-4019,10165-10723-1
37,38,261,21.149211,100,pass,IL-TESTTSC-I_290-E-4003,9931-20137-1
38,39,905,3.04448,100,pass,IL-TESTTSC-DAN_RYAN_EXPRESS-S-5106,20786-15283-1
39,40,61,13.698048,22,pass,IL-TESTTSC-LAKE_SHORE_DRIVE_NORTH-S-10214,21267-21271-1
40,41,577,10.642282,100,fail,IL-TESTTSC-BISHOP_FORD-N-7003,20410-20400-1
41,42,178,12.056533,100,pass,IL-TESTTSC-EDENS-N-1102,13710-20685-1
42,43,1205,16.128904,100,pass,IL-TESTTSC-EISENHOWER-E-3024,14458-14512-1
43,44,494,3.769496,100,pass,IL-TESTTSC-I_290-E-4028,20165-11144-1
44,45,432,21.674707,100,fail,IL-TESTTSC-ROUTE_53-N-11107,20092-20090-1
45,46,420,20.843461,100,pass,IL-TESTTSC-STEVENSON-S-6136,20317-11468-1
46,47,473,1.570993,100,pass,IL-TESTTSC-I_80-E-35038,10529-20491-1
47,48,520,11.867807,100,pass,IL-TESTTSC-I_80-W-35122,20467-20487-1
48,49,619,18.54619,100,pass,IL-TESTTSC-STEVENSON-S-6140,20337-11097-1
49,51,503,3.616779,100,pass,IL-TESTTSC-I_290-E-4025,20162-20165-1
50,52,1665,9.906386,100,pass,IL-TESTTSC-KENNEDY-E-2018,13416-21342-1
51,53,210,10.125626,22,pass,IL-TESTTSC-LAKE_SHORE_DRIVE_SOUTH-N-10003,21322-21968-1
52,55,907,8.261543,100,pass,IL-TESTTSC-DAN_RYAN_EXPRESS-S-5108,20805-15382-1
53,56,579,14.536768,100,fail,IL-TESTTSC-BISHOP_FORD-N-7002,20447-20410-1
54,57,909,8.377647,100,pass,IL-TESTTSC-STEVENSON-S-6103,20799-15712-1
55,58,1037,6.770462,100,pass,IL-TESTTSC-STEVENSON-S-6116,13801-21118-1
56,59,275,3.832688,100,pass,IL-TESTTSC-I_290-E-4021,10165-10723-1
57,60,438,26.391466,40,pass,IL-TESTTSC-I_290-E-4001,20109-20129-1
58,62,683,14.342778,100,pass,IL-TESTTSC-EDENS-N-1114,20651-20650-1
59,63,143,10.599209,100,pass,IL-TESTTSC-KENNEDY-E-2026,21399-21401-1
60,64,687,4.632455,100,pass,IL-TESTTSC-EDENS-N-1118,20644-13535-1
61,65,628,11.843938,100,pass,IL-TESTTSC-I_57-N-9011,20397-20373-1
62,66,630,19.910042,100,pass,IL-TESTTSC-I_57-N-9008,20414-20399-1
63,67,988,18.812865,100,pass,IL-TESTTSC-I_55-N-6003,8842-21177-1
64,68,548,22.507225,100,pass,IL-TESTTSC-I_57-N-9006,20446-20414-1
65,70,296,5.09084,100,pass,IL-TESTTSC-I_290-W-4115,10799-20159-1
66,71,1034,13.042728,100,pass,IL-TESTTSC-EISENHOWER-E-3018,13693-13891-1
67,72,628,11.411711,100,pass,IL-TESTTSC-I_57-N-9010,20397-20373-1
68,73,19,16.177954,87,pass,IL-TESTTSC-LAKE_SHORE_DRIVE_NORTH-N-10318,15115-15072-1
69,74,521,19.516253,100,pass,IL-TESTTSC-I_80-E-35053,20466-20478-1
70,75,268,5.862409,100,pass,IL-TESTTSC-I_290-W-4134,10042-9961-1
71,76,1021,15.318288,100,pass,IL-TESTTSC-EISENHOWER-W-3122,12850-21070-1
72,77,275,2.21619,100,pass,IL-TESTTSC-I_290-E-4023,10165-10723-1
73,79,1054,11.869065,100,pass,IL-TESTTSC-EISENHOWER-W-3110,14635-14520-1
74,80,1048,19.655438,100,pass,IL-TESTTSC-STEVENSON-S-6113,14313-21113-1
75,81,347,16.541074,100,pass,IL-TESTTSC-I_290-W-4101,11624-20202-1
76,82,1377,22.336046,100,pass,IL-TESTTSC-KENNEDY-E-2004,11976-12101-1
77,84,537,12.326094,100,pass,IL-TESTTSC-I_80-E-35068,20450-14439-1
78,85,1023,17.088428,100,pass,IL-TESTTSC-STEVENSON-S-6124,13033-12840-1
79,86,101,4.234935,100,pass,IL-TESTTSC-KENNEDY-E-2021,21362-21365-1
80,87,607,24.057393,40,pass,IL-TESTTSC-I_290_EXPRESS-W-4302,20127-20110-1
81,88,917,16.994848,100,pass,IL-TESTTSC-I_57-S-9104,20838-15043-1
82,89,1378,18.309071,100,pass,IL-TESTTSC-KENNEDY-W-2138,12008-21640-1
83,90,40,20.933575,100,pass,IL-TESTTSC-KENNEDY-E-2042,15260-21047-1
84,91,990,19.88923,100,pass,IL-TESTTSC-I_55-N-6006,9488-9828-1
85,92,520,8.516531,100,pass,IL-TESTTSC-I_80-W-35126,20467-20487-1
86,93,175,4.657856,50,pass,IL-TESTTSC-KENNEDY_REVERSIBLE-W-2303,21458-21414-1
87,94,1417,17.263407,100,pass,IL-TESTTSC-KENNEDY-W-2131,13010-21638-1
88,95,624,26.561217,100,pass,IL-TESTTSC-I_57-S-9129,20412-20449-1
89,96,1151,18.048504,100,pass,IL-TESTTSC-STEVENSON-S-6117,21118-21120-1
90,97,332,22.835374,100,pass,IL-TESTTSC-STEVENSON-S-6139,11468-20337-1
91,99,846,10.242084,29,fail,IL-TESTTSC-DAN_RYAN-N-5056,15723-15731-1
92,100,269,28.93654,100,pass,IL-TESTTSC-I_290-E-4015,10072-10101-1
93,101,889,5.232827,100,pass,IL-TESTTSC-BISHOP_FORD-N-7019,16274-16215-1
94,102,835,17.862851,86,pass,IL-TESTTSC-DAN_RYAN_EXPRESS-S-5189,15674-15819-1
95,103,62,8.164676,22,pass,IL-TESTTSC-LAKE_SHORE_DRIVE_NORTH-S-10215,21271-21273-1
96,104,287,12.570363,100,pass,IL-TESTTSC-I_290-E-4024,10723-20161-1
97,105,385,23.75325,100,pass,IL-TESTTSC-I_80-E-35064,20461-20458-1
98,106,2208,15.040998,100,pass,IL-TESTTSC-I_55-N-59947,8278-20766-1
99,107,523,17.15142,100,pass,IL-TESTTSC-I_80-E-35062,20474-20461-1
100,108,607,22.962274,40,pass,IL-TESTTSC-I_290_EXPRESS-W-4301,20127-20110-1
101,109,1668,10.005792,100,pass,IL-TESTTSC-EISENHOWER-E-3008,23956-12672-1
102,110,307,10.402423,100,pass,IL-TESTTSC-I_290-W-4113,11106-10799-1
103,111,921,17.53729,52,fail,IL-TESTTSC-DAN_RYAN_EXPRESS-S-5157,20830-15929-1
104,112,539,19.544926,100,pass,IL-TESTTSC-I_57-S-9131,20457-20462-1
105,113,39,10.313959,100,pass,IL-TESTTSC-EISENHOWER-E-3032,15238-21021-1
106,114,273,21.610553,100,pass,IL-TESTTSC-I_290-W-4125,10143-10080-1
107,115,1150,20.616941,100,pass,IL-TESTTSC-STEVENSON-S-6118,21120-13468-1
108,116,80,9.968866,22,pass,IL-TESTTSC-LAKE_SHORE_DRIVE_SOUTH-S-10113,21315-21317-1
109,117,851,17.112967,100,pass,IL-TESTTSC-DAN_RYAN-N-5208,15755-15739-1
110,118,1191,16.953288,100,pass,IL-TESTTSC-BISHOP_FORD-S-7123,21225-16328-1
111,119,86,11.743997,22,pass,IL-TESTTSC-LAKE_SHORE_DRIVE_SOUTH-S-10106,21287-21293-1
112,120,1157,20.068907,100,pass,IL-TESTTSC-EISENHOWER-W-3121,21055-12850-1
113,121,696,9.596785,100,pass,IL-TESTTSC-EDENS-S-1016,20628-13419-1
114,122,202,4.819614,22,pass,IL-TESTTSC-LAKE_SHORE_DRIVE_SOUTH-S-10105,21961-21287-1
115,123,1532,27.293495,100,pass,IL-TESTTSC-ROUTE_53_I_355_CONNECTOR-N-24102,21669-21666-1
116,124,187,3.242283,100,pass,IL-TESTTSC-KENNEDY-W-2106,20981-21491-1
117,125,889,13.251175,100,pass,IL-TESTTSC-BISHOP_FORD-N-7020,16274-16215-1
118,126,394,19.883412,100,pass,IL-TESTTSC-I_80-W-35105,14440-20448-1
119,127,882,19.459722,100,pass,IL-TESTTSC-BISHOP_FORD-S-7105,16214-16254-1
120,129,127,8.928241,100,pass,IL-TESTTSC-KENNEDY-E-2032,21436-21439-1
121,130,601,9.89272,100,pass,IL-TESTTSC-I_57-N-9015,20370-14756-1
122,131,1147,17.18289,100,pass,IL-TESTTSC-STEVENSON-N-6037,21126-13101-1
123,132,273,22.534341,100,pass,IL-TESTTSC-I_290-W-4124,10143-10080-1
124,133,90,2.989694,22,pass,IL-TESTTSC-LAKE_SHORE_DRIVE_NORTH-S-10216,21273-16072-1
125,134,1206,13.49688,100,pass,IL-TESTTSC-STEVENSON-S-6108,20812-14708-1
126,135,853,25.141044,58,fail,IL-TESTTSC-DAN_RYAN_EXPRESS-N-5255,15783-15686-1
127,136,857,14.313448,71,pass,IL-TESTTSC-DAN_RYAN_EXPRESS-N-5087,15822-15783-1
128,137,228,16.732445,100,pass,IL-TESTTSC-I_57-N-9012,20373-14561-1
129,138,1531,15.989698,100,pass,IL-TESTTSC-ROUTE_53_I_355_CONNECTOR-S-24006,21668-21670-1
130,139,1698,14.524091,100,pass,IL-TESTTSC-STEVENSON-N-6024,11537-11592-1
131,141,88,17.504104,22,pass,IL-TESTTSC-LAKE_SHORE_DRIVE_NORTH-S-10209,19903-21253-1
132,142,549,1.128048,100,pass,IL-TESTTSC-I_290-W-4103,20202-11486-1
133,143,1063,25.523145,100,pass,IL-TESTTSC-EISENHOWER-W-3107,14924-14797-1
134,144,571,0.371231,100,pass,IL-TESTTSC-I_80-W-35121,20465-20467-1
135,145,146,14.40016,100,pass,IL-TESTTSC-EDENS-S-1037,21348-21356-1
136,146,1045,22.031795,100,pass,IL-TESTTSC-EISENHOWER-E-3023,14273-14458-1
137,147,541,10.938679,100,pass,IL-TESTTSC-I_57-N-9003,20452-20446-1
138,148,1765,14.138761,100,pass,IL-TESTTSC-DAN_RYAN_EXPRESS-N-5086,15895-15822-1
139,150,926,0.499351,100,pass,IL-TESTTSC-BISHOP_FORD-N-7015,20874-20872-1
140,151,673,4.761345,100,pass,IL-TESTTSC-EDENS-N-1112,13646-13462-1
141,152,659,3.502599,100,pass,IL-TESTTSC-EDENS-S-1012,13299-20628-1
142,153,1204,11.855124,100,pass,IL-TESTTSC-EISENHOWER-E-3025,14512-14634-1
143,154,139,0.490646,100,pass,IL-TESTTSC-KENNEDY-E-2038,21485-21489-1
144,155,1416,13.637228,100,pass,IL-TESTTSC-KENNEDY-E-2013,13003-13102-1
145,156,72,5.16352,22,pass,IL-TESTTSC-LAKE_SHORE_DRIVE_NORTH-N-10306,21273-21266-1
146,157,40,11.158406,100,pass,IL-TESTTSC-DAN_RYAN_EXPRESS-S-5101,15260-21047-1
147,158,78,10.278894,22,pass,IL-TESTTSC-LAKE_SHORE_DRIVE_SOUTH-N-10008,21307-21302-1
148,159,853,13.550745,86,pass,IL-TESTTSC-DAN_RYAN_EXPRESS-N-5089,15783-15686-1
149,160,89,16.934914,22,pass,IL-TESTTSC-LAKE_SHORE_DRIVE_NORTH-N-10310,21254-15485-1
150,161,832,25.284057,28,fail,IL-TESTTSC-DAN_RYAN-S-5153,15663-15674-1
151,162,1036,15.981351,100,pass,IL-TESTTSC-STEVENSON-N-6043,13736-21117-1
152,163,347,17.492498,100,pass,IL-TESTTSC-I_290-W-4102,11624-20202-1
153,164,2163,20.337297,100,pass,IL-TESTTSC-I_55-S-6153,21174-9459-1
154,165,846,16.63569,100,pass,IL-TESTTSC-DAN_RYAN-N-5206,15723-15731-1
155,166,586,16.163588,100,pass,IL-TESTTSC-I_290-W-4131,20139-10042-1
156,167,1428,7.889506,100,pass,IL-TESTTSC-KENNEDY-W-2126,21341-13448-1
157,169,450,18.456383,100,pass,IL-TESTTSC-STEVENSON-S-6127,20282-20289-1
158,170,1209,4.35916,100,pass,IL-TESTTSC-I_57-N-9019,14756-14976-1
159,172,1620,20.281312,100,pass,IL-TESTTSC-ROUTE_53_I_355_CONNECTOR-N-24103,21666-9966-1
160,174,363,25.230289,100,pass,IL-TESTTSC-STEVENSON-N-6033,12157-12808-1
161,175,281,25.277289,100,fail,IL-TESTTSC-ROUTE_53-N-11109,10353-20084-1
162,177,828,21.774486,100,pass,IL-TESTTSC-I_57-S-9102,15444-20838-1
163,178,570,16.776785,100,pass,IL-TESTTSC-I_80-E-35052,20468-20466-1
164,179,441,19.448285,100,pass,IL-TESTTSC-I_290-E-4007,20137-20138-1
165,180,426,21.64494,100,fail,IL-TESTTSC-ROUTE_53-S-11007,20085-20086-1
166,181,1767,16.386745,100,pass,IL-TESTTSC-DAN_RYAN_EXPRESS-N-5085,15904-15894-1
167,182,172,0.422632,100,pass,IL-TESTTSC-KENNEDY-W-2124,21354-21347-1
168,183,1153,19.311293,100,pass,IL-TESTTSC-STEVENSON-S-6114,21113-13963-1
169,184,60,7.083628,22,pass,IL-TESTTSC-LAKE_SHORE_DRIVE_NORTH-N-10307,21264-21259-1
170,185,264,24.611606,100,fail,IL-TESTTSC-ROUTE_53-N-11105,9953-20104-1
171,186,410,5.289801,100,pass,IL-TESTTSC-KINGERY-E-8103,16454-20427-1
172,187,1744,20.274105,100,pass,IL-TESTTSC-DAN_RYAN-S-5303,15638-15637-1
173,188,675,8.041272,100,pass,IL-TESTTSC-EDENS-S-1034,13659-13698-1
174,189,1064,4.080507,100,pass,IL-TESTTSC-I_57-N-9022,14976-21178-1
175,190,1023,15.658851,100,pass,IL-TESTTSC-STEVENSON-S-6125,13033-12840-1
176,191,210,9.598467,22,pass,IL-TESTTSC-LAKE_SHORE_DRIVE_SOUTH-N-10002,21322-21968-1
177,192,653,11.029978,100,pass,IL-TESTTSC-EDENS-N-1131,12989-20609-1
178,193,632,11.301122,100,pass,IL-TESTTSC-KINGERY-E-8106,20427-16714-1
179,194,131,17.375412,100,pass,IL-TESTTSC-KENNEDY-W-2111,21447-21441-1
180,195,53,9.694018,22,pass,IL-TESTTSC-LAKE_SHORE_DRIVE_NORTH-S-10211,21258-21260-1
181,196,1020,12.240527,100,pass,IL-TESTTSC-EISENHOWER-E-3010,12827-12978-1
182,197,501,6.150134,100,pass,IL-TESTTSC-I_290-W-4116,20158-20156-1
183,198,1026,11.776118,100,pass,IL-TESTTSC-EISENHOWER-W-3119,13345-13064-1
184,200,849,0.072031,86,pass,IL-TESTTSC-DAN_RYAN_EXPRESS-N-5096,15738-15692-1
185,201,662,5.603122,100,pass,IL-TESTTSC-EDENS-S-1017,13419-13513-1
186,202,418,22.497451,100,pass,IL-TESTTSC-STEVENSON-N-6023,20321-20319-1
187,203,112,5.253755,100,pass,IL-TESTTSC-KENNEDY-W-2119,21394-21390-1
188,204,1759,10.927174,100,pass,IL-TESTTSC-DAN_RYAN-N-5209,15740-15729-1
189,205,520,12.374456,100,pass,IL-TESTTSC-I_80-W-35124,20467-20487-1
190,207,577,42.581789,80,fail,IL-TESTTSC-BISHOP_FORD-S-7125,20410-20400-1
191,209,61,6.387524,22,pass,IL-TESTTSC-LAKE_SHORE_DRIVE_NORTH-S-10213,21267-21271-1
192,211,920,8.558031,52,fail,IL-TESTTSC-DAN_RYAN_EXPRESS-N-5051,20831-15934-1
193,212,82,21.038102,22,pass,IL-TESTTSC-LAKE_SHORE_DRIVE_SOUTH-S-10108,21300-21303-1
194,213,445,17.59386,100,pass,IL-TESTTSC-I_290-W-4128,20146-10086-1
195,215,625,23.190183,100,pass,IL-TESTTSC-I_57-S-9125,20398-20412-1
196,216,2261,15.339485,100,pass,IL-TESTTSC-DAN_RYAN-S-5313,23899-15819-1
197,217,521,25.459724,100,pass,IL-TESTTSC-I_80-E-35054,20466-20478-1
198,218,1477,17.356828,100,pass,IL-TESTTSC-KENNEDY-E-2005,21635-21634-1
199,219,1754,19.112046,100,pass,IL-TESTTSC-DAN_RYAN-N-5211,15709-15710-1
200,220,166,18.173165,100,pass,IL-TESTTSC-EDENS-S-1038,21356-21362-1
201,222,48,5.344503,22,pass,IL-TESTTSC-LAKE_SHORE_DRIVE_NORTH-S-10207,20051-15419-1
202,224,1057,12.252963,100,pass,IL-TESTTSC-STEVENSON-S-6110,14708-14404-1
203,225,21,22.979519,22,pass,IL-TESTTSC-LAKE_SHORE_DRIVE_NORTH-N-10317,15168-15115-1
204,226,933,1.625134,100,pass,IL-TESTTSC-DAN_RYAN_EXPRESS-S-5105,15293-20786-1
205,227,652,18.865626,100,pass,IL-TESTTSC-EDENS-S-1003,12932-20613-1
206,228,1475,17.887596,100,pass,IL-TESTTSC-KENNEDY-E-2006,21633-12259-1
207,231,988,36.981548,100,pass,IL-TESTTSC-I_55-N-59999,8842-21177-1
208,232,853,23.630958,58,fail,IL-TESTTSC-DAN_RYAN_EXPRESS-S-5353,15783-15686-1
209,233,523,14.243296,100,pass,IL-TESTTSC-I_80-E-35060,20474-20461-1
210,234,521,18.830772,100,pass,IL-TESTTSC-I_80-E-35057,20466-20478-1
211,235,1763,9.651626,100,pass,IL-TESTTSC-DAN_RYAN_EXPRESS-S-5194,15870-15869-1
212,236,463,36.612543,100,pass,IL-TESTTSC-I_55-S-6190,20571-20574-1
213,237,893,12.863416,100,pass,IL-TESTTSC-BISHOP_FORD-N-7012,16370-20874-1
214,238,912,18.510164,100,pass,IL-TESTTSC-DAN_RYAN_EXPRESS-N-5018,20804-15302-1
215,239,993,23.462329,100,pass,IL-TESTTSC-I_55-N-6008,9828-21167-1
216,240,138,21.895663,100,pass,IL-TESTTSC-KENNEDY-W-2108,21472-21470-1
217,241,537,18.203428,100,pass,IL-TESTTSC-I_80-E-35065,20450-14439-1
218,242,551,6.591907,100,pass,IL-TESTTSC-I_290-E-4038,20201-20206-1
219,243,591,16.761805,100,pass,IL-TESTTSC-I_290-W-4106,20190-11425-1
220,244,412,9.81476,100,pass,IL-TESTTSC-KINGERY-W-8001,16715-16493-1
221,245,831,10.921011,100,pass,IL-TESTTSC-DAN_RYAN-S-5311,15661-15759-1
222,246,1028,20.621717,100,pass,IL-TESTTSC-STEVENSON-S-6121,13468-21125-1
223,248,441,15.757282,100,pass,IL-TESTTSC-I_290-E-4008,20137-20138-1
224,249,403,9.272797,89,fail,IL-TESTTSC-KINGERY-E-8101,16323-20432-1
225,250,853,19.563978,58,fail,IL-TESTTSC-DAN_RYAN_EXPRESS-N-5254,15783-15686-1
226,251,57,8.276582,22,pass,IL-TESTTSC-LAKE_SHORE_DRIVE_NORTH-S-10210,21253-21258-1
227,253,674,16.498559,100,pass,IL-TESTTSC-EDENS-N-1107,13648-20675-1
228,254,75,19.726371,22,pass,IL-TESTTSC-LAKE_SHORE_DRIVE_SOUTH-S-10107,21296-21300-1
229,255,227,2.328789,100,pass,IL-TESTTSC-I_57-N-9013,14561-20370-1
230,256,272,15.249913,100,pass,IL-TESTTSC-ROUTE_53_I_355_CONNECTOR-S-24001,10101-20153-1
231,257,381,8.040359,100,pass,IL-TESTTSC-I_80-W-35113,20471-20472-1
232,258,608,2.476956,100,pass,IL-TESTTSC-ROUTE_53_I_355_CONNECTOR-S-24003,20153-9919-1
233,259,35,21.168073,22,pass,IL-TESTTSC-LAKE_SHORE_DRIVE_NORTH-S-10206,15253-20051-1
234,260,841,13.446609,86,pass,IL-TESTTSC-DAN_RYAN_EXPRESS-S-5184,15706-15663-1
235,261,631,12.255275,89,fail,IL-TESTTSC-KINGERY-W-8006,20426-16355-1
236,262,1667,18.169906,100,pass,IL-TESTTSC-I_55-S-6195,8228-20752-1
237,263,607,22.792876,40,pass,IL-TESTTSC-ROUTE_53_EXPRESS-N-11301,20127-20110-1
238,264,1164,4.178704,100,pass,IL-TESTTSC-I_57-S-9117,21184-21203-1
239,266,1399,16.353982,100,pass,IL-TESTTSC-KENNEDY-W-2136,12362-12147-1
240,267,520,17.5362,100,pass,IL-TESTTSC-I_80-W-35128,20467-20487-1
241,268,2262,8.187386,100,pass,IL-TESTTSC-DAN_RYAN-N-5200,15822-23900-1
242,269,39,17.822704,100,pass,IL-TESTTSC-EISENHOWER-E-3031,15238-21021-1
243,270,446,21.231557,100,pass,IL-TESTTSC-I_290-E-4013,20147-10072-1
244,271,176,1.621793,50,fail,IL-TESTTSC-KENNEDY_REVERSIBLE-E-2202,21409-21370-1
245,272,206,5.779057,22,pass,IL-TESTTSC-LAKE_SHORE_DRIVE_SOUTH-S-10112,21309-21313-1
246,273,928,5.042434,100,pass,IL-TESTTSC-BISHOP_FORD-N-7016,20868-16274-1
247,274,271,16.251612,100,pass,IL-TESTTSC-I_290-E-4017,10101-10165-1
248,275,205,6.939895,22,pass,IL-TESTTSC-LAKE_SHORE_DRIVE_SOUTH-N-10013,21288-21962-1
249,276,207,9.030801,22,pass,IL-TESTTSC-LAKE_SHORE_DRIVE_SOUTH-S-10115,21321-21322-1
250,277,801,19.269919,100,pass,IL-TESTTSC-I_55-N-59963,8245-20751-1
251,278,120,5.627232,100,pass,IL-TESTTSC-KENNEDY-W-2117,21416-21403-1
252,279,1530,20.893012,100,pass,IL-TESTTSC-STEVENSON-N-6019,21738-11153-1
253,281,26,14.819238,22,pass,IL-TESTTSC-LAKE_SHORE_DRIVE_NORTH-N-10315,15211-15198-1
254,282,572,11.779572,100,pass,IL-TESTTSC-I_80-E-35045,20488-12288-1
255,283,1413,10.431625,100,pass,IL-TESTTSC-KENNEDY-W-2132,12816-12654-1
256,284,835,17.72489,58,fail,IL-TESTTSC-DAN_RYAN_EXPRESS-S-5354,15674-15819-1
257,285,83,8.733537,22,pass,IL-TESTTSC-LAKE_SHORE_DRIVE_SOUTH-N-10010,21302-21301-1
258,286,94,22.999157,100,pass,IL-TESTTSC-STEVENSON-N-6058,16017-21291-1
259,288,494,8.452744,100,pass,IL-TESTTSC-I_290-E-4027,20165-11144-1
260,289,1748,18.284525,29,fail,IL-TESTTSC-DAN_RYAN-S-5150,15642-15641-1
261,290,175,3.299276,50,fail,IL-TESTTSC-KENNEDY_REVERSIBLE-E-2208,21458-21414-1
262,291,69,10.468514,22,pass,IL-TESTTSC-LAKE_SHORE_DRIVE_SOUTH-S-10101,21281-21282-1
263,292,849,14.362912,86,pass,IL-TESTTSC-DAN_RYAN_EXPRESS-N-5097,15738-15692-1
264,293,863,12.178712,100,pass,IL-TESTTSC-DAN_RYAN_EXPRESS-S-5195,15893-20828-1
265,294,1164,3.76415,100,pass,IL-TESTTSC-I_57-S-9116,21184-21203-1
266,295,100,50.041965,50,fail,IL-TESTTSC-KENNEDY_REVERSIBLE-W-2309,21355-21362-1
267,296,528,9.335692,100,pass,IL-TESTTSC-I_57-N-9001,20493-20460-1
268,297,929,1.831815,100,pass,IL-TESTTSC-BISHOP_FORD-S-7112,20867-20871-1
269,298,135,13.134655,100,pass,IL-TESTTSC-KENNEDY-E-2036,21471-21475-1
270,299,1041,22.015993,100,pass,IL-TESTTSC-STEVENSON-N-6046,14022-14312-1
271,300,204,7.295301,22,pass,IL-TESTTSC-LAKE_SHORE_DRIVE_SOUTH-N-10014,21962-21960-1
272,301,572,16.179019,100,pass,IL-TESTTSC-I_80-E-35049,20488-12288-1
273,302,41,3.705888,100,pass,IL-TESTTSC-DAN_RYAN_EXPRESS-N-5025,15295-20991-1
274,303,930,0.176594,100,pass,IL-TESTTSC-BISHOP_FORD-S-7113,20871-16277-1
275,304,176,1.621793,50,pass,IL-TESTTSC-KENNEDY_REVERSIBLE-W-2307,21409-21370-1
276,305,2162,15.572944,100,pass,IL-TESTTSC-STEVENSON-S-6115,13963-13801-1
277,306,521,14.316579,100,pass,IL-TESTTSC-I_80-E-35056,20466-20478-1
278,307,874,10.775509,100,pass,IL-TESTTSC-BISHOP_FORD-S-7101,15994-16214-1
279,308,669,0.615253,100,pass,IL-TESTTSC-EDENS-S-1023,13568-13476-1
280,309,151,6.156211,100,pass,IL-TESTTSC-KENNEDY-E-2034,21452-21454-1
281,311,661,1.236496,100,pass,IL-TESTTSC-EDENS-N-1124,13418-13316-1
282,312,890,10.791703,100,pass,IL-TESTTSC-BISHOP_FORD-S-7115,16277-16357-1
283,313,569,13.319908,100,pass,IL-TESTTSC-I_80-W-35114,20473-20476-1
284,314,180,0.490946,100,pass,IL-TESTTSC-KENNEDY-E-2040,15262-20985-1
285,315,882,13.524452,100,pass,IL-TESTTSC-BISHOP_FORD-S-7106,16214-16254-1
286,316,883,20.38291,100,pass,IL-TESTTSC-BISHOP_FORD-N-7022,16215-20855-1
287,317,1336,13.817561,100,pass,IL-TESTTSC-I_55-N-6017,10738-21738-1
288,318,579,19.705911,100,fail,IL-TESTTSC-BISHOP_FORD-N-7001,20447-20410-1
289,319,833,13.422231,86,pass,IL-TESTTSC-DAN_RYAN_EXPRESS-S-5183,15664-15706-1
290,320,663,0.05573,100,pass,IL-TESTTSC-EDENS-N-1113,13462-20659-1
291,321,406,13.196928,89,fail,IL-TESTTSC-KINGERY-W-8007,16355-20428-1
292,322,277,2.750157,100,pass,IL-TESTTSC-I_290-W-4122,10184-10143-1
293,324,77,15.924791,22,pass,IL-TESTTSC-LAKE_SHORE_DRIVE_SOUTH-S-10110,21303-21306-1
294,325,209,19.405945,22,fail,IL-TESTTSC-LAKE_SHORE_DRIVE_SOUTH-S-10114,21968-21312-1
295,326,438,25.694445,100,fail,IL-TESTTSC-ROUTE_53-S-11014,20109-20129-1
296,327,1741,4.986247,100,pass,IL-TESTTSC-DAN_RYAN-S-5307,15623-15633-1
297,328,1207,5.881229,100,pass,IL-TESTTSC-I_57-S-9111,14963-21184-1
298,329,675,11.488534,100,pass,IL-TESTTSC-EDENS-S-1035,13659-13698-1
299,330,856,10.672896,100,pass,IL-TESTTSC-DAN_RYAN_EXPRESS-S-5193,15819-15855-1
300,331,341,18.70627,100,pass,IL-TESTTSC-STEVENSON-S-6135,11567-20311-1
301,332,512,17.016513,100,pass,IL-TESTTSC-I_290-E-4034,20189-20191-1
302,335,41,10.884897,100,pass,IL-TESTTSC-DAN_RYAN_EXPRESS-N-5024,15295-20991-1
303,336,883,15.50064,100,pass,IL-TESTTSC-BISHOP_FORD-N-7021,16215-20855-1
304,337,920,16.512022,100,pass,IL-TESTTSC-DAN_RYAN_EXPRESS-N-5082,20831-15934-1
305,338,108,9.020047,100,pass,IL-TESTTSC-KENNEDY-W-2121,21380-21375-1
306,339,1209,4.133919,100,pass,IL-TESTTSC-I_57-N-9016,14756-14976-1
307,340,332,16.575271,100,pass,IL-TESTTSC-STEVENSON-S-6138,11468-20337-1
308,341,367,0.823669,100,pass,IL-TESTTSC-I_80-W-35120,12398-20465-1
309,342,705,6.317945,100,pass,IL-TESTTSC-EDENS-N-1109,20664-13646-1
310,343,207,15.047836,22,pass,IL-TESTTSC-LAKE_SHORE_DRIVE_SOUTH-S-10116,21321-21322-1
311,344,671,15.725628,100,pass,IL-TESTTSC-EDENS-S-1032,13633-20679-1
312,345,627,22.608176,100,pass,IL-TESTTSC-I_57-S-9124,20396-20398-1
313,346,55,5.729817,22,pass,IL-TESTTSC-LAKE_SHORE_DRIVE_NORTH-N-10308,21259-21257-1
314,347,1739,14.556048,100,pass,IL-TESTTSC-I_57-N-9032,15460-15863-1
315,348,820,17.239635,100,pass,IL-TESTTSC-I_57-N-9028,15026-20839-1
316,349,78,12.286266,22,pass,IL-TESTTSC-LAKE_SHORE_DRIVE_SOUTH-N-10009,21307-21302-1
317,350,693,3.438103,100,pass,IL-TESTTSC-EDENS-S-1021,20642-20643-1
318,351,1410,12.087708,100,pass,IL-TESTTSC-KENNEDY-W-2133,12654-21628-1
319,352,1423,0.682179,100,pass,IL-TESTTSC-KENNEDY-E-2015,13269-13413-1
320,353,537,16.170989,100,pass,IL-TESTTSC-I_80-E-35069,20450-14439-1
321,354,96,1.4225,50,fail,IL-TESTTSC-KENNEDY_REVERSIBLE-W-2305,21410-21450-1
322,355,668,10.847383,100,pass,IL-TESTTSC-EDENS-N-1119,13535-20637-1
323,356,265,15.027531,100,pass,IL-TESTTSC-I_290-W-4137,9961-20132-1
324,357,632,0.927074,100,pass,IL-TESTTSC-KINGERY-E-8108,20427-16714-1
325,358,268,4.551146,100,pass,IL-TESTTSC-I_290-W-4135,10042-9961-1
326,359,1754,4.610982,29,fail,IL-TESTTSC-DAN_RYAN-N-5058,15709-15710-1
327,360,849,15.835592,58,fail,IL-TESTTSC-DAN_RYAN_EXPRESS-N-5257,15738-15692-1
328,361,823,2.198947,100,pass,IL-TESTTSC-DAN_RYAN_EXPRESS-N-5019,15302-20787-1
329,362,324,14.220894,100,pass,IL-TESTTSC-I_290-E-4037,11423-20201-1
330,363,335,15.067904,100,pass,IL-TESTTSC-I_290-W-4104,11486-20196-1
331,364,659,3.50475,100,pass,IL-TESTTSC-EDENS-S-1014,13299-20628-1
332,366,386,16.923921,100,pass,IL-TESTTSC-I_57-S-9130,20449-20455-1
333,367,283,20.685297,100,fail,IL-TESTTSC-ROUTE_53-N-11111,10380-10340-1
334,369,520,13.422077,100,pass,IL-TESTTSC-I_80-W-35127,20467-20487-1
335,370,273,14.033707,100,pass,IL-TESTTSC-I_290-W-4126,10143-10080-1
336,371,122,1.34946,100,pass,IL-TESTTSC-KENNEDY-W-2115,21425-21419-1
337,372,833,20.282714,86,pass,IL-TESTTSC-DAN_RYAN_EXPRESS-S-5181,15664-15706-1
338,373,838,21.580954,86,pass,IL-TESTTSC-DAN_RYAN_EXPRESS-N-5092,15686-15738-1
339,375,76,10.78355,22,pass,IL-TESTTSC-LAKE_SHORE_DRIVE_SOUTH-N-10011,21301-21295-1
340,376,1145,16.818858,100,pass,IL-TESTTSC-STEVENSON-N-6036,21127-21126-1
341,377,1139,20.396703,100,pass,IL-TESTTSC-I_55-S-6148,21153-10262-1
342,378,23,16.486058,22,pass,IL-TESTTSC-LAKE_SHORE_DRIVE_NORTH-S-10203,15191-20035-1
343,379,438,24.38933,100,fail,IL-TESTTSC-ROUTE_53_EXPRESS-S-11201,20109-20129-1
344,380,103,3.405988,100,pass,IL-TESTTSC-KENNEDY-W-2103,21364-21357-1
345,381,829,20.324926,100,pass,IL-TESTTSC-STEVENSON-N-6056,15615-20801-1
346,382,1069,9.660548,100,pass,IL-TESTTSC-DAN_RYAN_EXPRESS-S-5103,15275-15274-1
347,383,679,4.12082,100,pass,IL-TESTTSC-EDENS-N-1132,20609-12824-1
348,384,20,9.43959,22,pass,IL-TESTTSC-LAKE_SHORE_DRIVE_NORTH-S-10202,15110-15159-1
349,385,98,4.276075,50,pass,IL-TESTTSC-KENNEDY_REVERSIBLE-E-2203,21405-21410-1
350,386,1167,7.149036,100,pass,IL-TESTTSC-BISHOP_FORD-N-7011,21202-21198-1
351,387,1040,11.106056,100,pass,IL-TESTTSC-EISENHOWER-E-3021,13998-21051-1
352,388,853,8.317597,86,pass,IL-TESTTSC-DAN_RYAN_EXPRESS-N-5088,15783-15686-1
353,389,1051,11.284699,100,pass,IL-TESTTSC-EISENHOWER-W-3111,14463-14274-1
354,391,262,19.50383,100,fail,IL-TESTTSC-ROUTE_53-S-11013,9933-20109-1
355,392,626,20.575102,100,pass,IL-TESTTSC-I_57-N-9009,20399-20397-1
356,393,156,6.476267,100,pass,IL-TESTTSC-KENNEDY-W-2114,21430-21427-1
357,394,1039,12.070467,100,pass,IL-TESTTSC-EISENHOWER-W-3114,13899-13694-1
358,395,361,8.121583,100,pass,IL-TESTTSC-STEVENSON-S-6133,12048-20304-1
359,396,1060,10.170217,100,pass,IL-TESTTSC-EISENHOWER-E-3028,14788-14912-1
360,398,487,16.36332,100,fail,IL-TESTTSC-ROUTE_53-N-11113,20069-10321-1
361,399,834,22.190704,100,pass,IL-TESTTSC-DAN_RYAN-S-5305,15672-15685-1
362,400,853,15.221142,86,pass,IL-TESTTSC-DAN_RYAN_EXPRESS-N-5091,15783-15686-1
363,401,876,9.579405,100,pass,IL-TESTTSC-BISHOP_FORD-N-7028,16015-15969-1
364,402,882,4.099418,100,pass,IL-TESTTSC-BISHOP_FORD-S-7104,16214-16254-1
365,403,1027,12.922392,100,pass,IL-TESTTSC-EISENHOWER-E-3014,13349-21076-1
366,404,84,9.331604,22,pass,IL-TESTTSC-LAKE_SHORE_DRIVE_SOUTH-N-10006,21312-21308-1
367,405,1164,10.185467,100,pass,IL-TESTTSC-I_57-S-9113,21184-21203-1
368,406,1400,12.029091,100,pass,IL-TESTTSC-KENNEDY-W-2135,12362-21613-1
369,407,1024,15.900424,100,pass,IL-TESTTSC-EISENHOWER-W-3120,13064-21055-1
370,408,2164,16.923743,100,pass,IL-TESTTSC-I_55-S-6157,9459-8843-1
371,409,548,20.783245,100,pass,IL-TESTTSC-I_57-N-9005,20446-20414-1
372,411,1361,23.999176,100,pass,IL-TESTTSC-I_55-S-6142,11097-21742-1
373,413,312,24.554552,100,pass,IL-TESTTSC-STEVENSON-N-6021,11153-20321-1
374,414,1472,21.270687,100,pass,IL-TESTTSC-KENNEDY-W-2134,21629-12537-1
375,415,1072,5.026014,100,pass,IL-TESTTSC-BISHOP_FORD-N-7008,16335-16364-1
376,416,890,3.429739,100,pass,IL-TESTTSC-BISHOP_FORD-S-7114,16277-16357-1
377,417,520,17.084281,100,pass,IL-TESTTSC-I_80-W-35130,20467-20487-1
378,418,1400,15.204755,100,pass,IL-TESTTSC-NORTHWEST_TOLL-W-91101,12362-21613-1
379,419,450,19.222187,100,pass,IL-TESTTSC-STEVENSON-S-6128,20282-20289-1
380,421,666,1.12476,100,pass,IL-TESTTSC-EDENS-S-1019,13513-13512-1
381,422,859,12.080333,100,pass,IL-TESTTSC-I_57-S-9101,15835-15444-1
382,424,1665,2.308797,100,pass,IL-TESTTSC-KENNEDY-E-2017,13416-21342-1
383,425,1161,16.947189,100,pass,IL-TESTTSC-EISENHOWER-E-3016,21075-13514-1
384,426,1034,15.946555,100,pass,IL-TESTTSC-EISENHOWER-E-3019,13693-13891-1
385,427,1072,1.655652,100,pass,IL-TESTTSC-BISHOP_FORD-N-7007,16335-16364-1
386,428,188,16.787347,100,pass,IL-TESTTSC-EISENHOWER-W-3104,15303-15173-1
387,429,406,17.089183,89,fail,IL-TESTTSC-KINGERY-W-8008,16355-20428-1
388,430,105,5.160553,100,pass,IL-TESTTSC-KENNEDY-E-2023,21378-21379-1
389,431,521,20.088186,100,pass,IL-TESTTSC-I_80-E-35055,20466-20478-1
390,432,168,0.419544,100,pass,IL-TESTTSC-KENNEDY-W-2125,21347-21341-1
391,433,988,26.61435,100,pass,IL-TESTTSC-I_55-N-6001,8842-21177-1
392,434,692,5.403831,100,pass,IL-TESTTSC-EDENS-N-1120,20637-13531-1
393,436,394,17.225895,100,pass,IL-TESTTSC-I_80-W-35103,14440-20448-1
394,437,520,15.632397,100,pass,IL-TESTTSC-I_80-W-35131,20467-20487-1
395,438,664,4.143711,100,pass,IL-TESTTSC-EDENS-S-1025,13476-20652-1
396,439,209,7.935381,22,pass,IL-TESTTSC-LAKE_SHORE_DRIVE_SOUTH-N-10005,21968-21312-1
397,440,573,8.813776,100,pass,IL-TESTTSC-BISHOP_FORD-N-7004,20400-20395-1
398,441,175,5.199538,50,pass,IL-TESTTSC-KENNEDY_REVERSIBLE-W-2302,21458-21414-1
399,442,40,0.213225,100,pass,IL-TESTTSC-KENNEDY-E-2041,15260-21047-1
400,443,203,15.242309,22,pass,IL-TESTTSC-LAKE_SHORE_DRIVE_SOUTH-S-10104,21957-21961-1
401,445,1189,1.073859,100,pass,IL-TESTTSC-BISHOP_FORD-N-7006,21220-16335-1
402,446,261,22.543698,100,pass,IL-TESTTSC-I_290-E-4004,9931-20137-1
403,447,1039,8.502552,100,pass,IL-TESTTSC-EISENHOWER-W-3115,13899-13694-1
404,448,32,24.539625,22,pass,IL-TESTTSC-LAKE_SHORE_DRIVE_NORTH-N-10301,16056-20046-1
405,449,988,26.46375,100,pass,IL-TESTTSC-I_55-N-6002,8842-21177-1
406,450,523,24.727757,100,pass,IL-TESTTSC-I_80-E-35063,20474-20461-1
407,451,674,19.151043,100,pass,IL-TESTTSC-EDENS-N-1106,13648-20675-1
408,452,553,6.135946,100,pass,IL-TESTTSC-I_290-W-4109,20181-11357-1
409,453,77,14.141326,22,pass,IL-TESTTSC-LAKE_SHORE_DRIVE_SOUTH-S-10109,21303-21306-1
410,454,2135,15.568141,100,pass,IL-TESTTSC-STEVENSON-N-6052,14768-20810-1
411,455,524,11.792788,100,pass,IL-TESTTSC-I_80-W-35116,20476-12398-1
412,456,332,19.836533,100,pass,IL-TESTTSC-STEVENSON-S-6137,11468-20337-1
413,457,872,5.415292,100,pass,IL-TESTTSC-BISHOP_FORD-N-7029,15969-15947-1
414,458,155,10.273193,100,pass,IL-TESTTSC-KENNEDY-W-2113,21435-21433-1
415,460,681,8.91262,100,pass,IL-TESTTSC-EDENS-N-1116,20650-13576-1
416,462,928,7.00786,100,pass,IL-TESTTSC-BISHOP_FORD-N-7017,20868-16274-1
417,463,282,20.897668,100,fail,IL-TESTTSC-ROUTE_53-S-11006,10359-20073-1
418,464,2207,15.702717,100,pass,IL-TESTTSC-I_55-S-6211,8263-8267-1
419,465,46,10.882646,22,pass,IL-TESTTSC-LAKE_SHORE_DRIVE_NORTH-N-10311,15485-19902-1
420,466,360,17.333011,100,pass,IL-TESTTSC-EISENHOWER-W-3129,20216-20224-1
421,467,818,14.865926,100,pass,IL-TESTTSC-I_57-N-9026,14978-15026-1
422,468,1158,14.944122,100,pass,IL-TESTTSC-EISENHOWER-W-3118,21071-13345-1
423,469,833,18.131107,58,fail,IL-TESTTSC-DAN_RYAN_EXPRESS-S-5351,15664-15706-1
424,470,70,56.743048,22,pass,IL-TESTTSC-LAKE_SHORE_DRIVE_SOUTH-N-10017,21282-21281-1
425,471,430,13.305178,100,fail,IL-TESTTSC-ROUTE_53-N-11108,20090-10166-1
426,472,910,4.38993,100,pass,IL-TESTTSC-STEVENSON-S-6106,20807-20812-1
427,473,144,9.311244,100,pass,IL-TESTTSC-KENNEDY-E-2028,21415-21418-1
428,474,546,17.960732,100,pass,IL-TESTTSC-I_80-W-35109,20459-20471-1
429,478,890,14.291166,100,pass,IL-TESTTSC-BISHOP_FORD-S-7116,16277-16357-1
430,479,192,25.853794,100,pass,IL-TESTTSC-EISENHOWER-W-3102,15546-15303-1
431,480,366,16.867819,100,pass,IL-TESTTSC-I_80-E-35051,12288-20468-1
432,481,277,8.907901,40,fail,IL-TESTTSC-ROUTE_53_I_355_CONNECTOR-N-24105,10184-10143-1
433,483,487,12.596977,100,fail,IL-TESTTSC-ROUTE_53-N-11114,20069-10321-1
434,484,441,22.367293,100,pass,IL-TESTTSC-I_290-E-4006,20137-20138-1
435,485,438,27.448866,100,fail,IL-TESTTSC-ROUTE_53-N-11102,20109-20129-1
436,486,482,18.649592,100,pass,IL-TESTTSC-EISENHOWER-E-3005,20213-12199-1
437,487,271,25.695437,40,fail,IL-TESTTSC-ROUTE_53_I_355_CONNECTOR-N-24104,10101-10165-1
438,488,607,22.962274,40,pass,IL-TESTTSC-I_290-E-4002,20127-20110-1
439,489,661,2.670699,100,pass,IL-TESTTSC-EDENS-N-1123,13418-13316-1
440,490,442,17.07754,100,pass,IL-TESTTSC-I_290-E-4009,20138-10026-1
441,491,171,1.642226,100,pass,IL-TESTTSC-EDENS-N-1101,21354-21349-1
442,492,1016,22.404905,100,pass,IL-TESTTSC-I_55-N-6013,10393-21143-1
443,493,670,10.621897,100,pass,IL-TESTTSC-EDENS-N-1117,13576-20644-1
444,494,1409,7.477352,100,pass,IL-TESTTSC-KENNEDY-E-2010,12644-12828-1
445,495,494,5.494562,100,pass,IL-TESTTSC-I_290-E-4026,20165-11144-1
446,496,858,9.471402,100,pass,IL-TESTTSC-DAN_RYAN-N-5201,23900-15784-1
447,498,869,15.335082,100,pass,IL-TESTTSC-DAN_RYAN_EXPRESS-S-5199,15933-15927-1
448,499,1768,5.049182,100,pass,IL-TESTTSC-DAN_RYAN_EXPRESS-N-5084,15919-15920-1
449,500,1336,13.846905,100,pass,IL-TESTTSC-I_55-N-6018,10738-21738-1
450,501,1149,16.279227,100,pass,IL-TESTTSC-STEVENSON-N-6041,21122-13534-1
451,502,654,12.940215,100,pass,IL-TESTTSC-EDENS-S-1005,13045-13076-1
452,503,607,21.376614,100,fail,IL-TESTTSC-ROUTE_53_EXPRESS-N-11302,20127-20110-1
453,504,988,22.155327,100,pass,IL-TESTTSC-I_55-N-6004,8842-21177-1
454,505,833,21.147395,86,pass,IL-TESTTSC-DAN_RYAN_EXPRESS-S-5182,15664-15706-1
455,506,437,25.510347,100,fail,IL-TESTTSC-ROUTE_53-S-11011,20105-20106-1
456,507,128,6.646854,100,pass,IL-TESTTSC-KENNEDY-W-2112,21440-21435-1
457,508,629,1.749869,100,pass,IL-TESTTSC-I_57-S-9122,20372-20396-1
458,511,572,12.078014,100,pass,IL-TESTTSC-I_80-E-35041,20488-12288-1
459,512,667,3.577154,100,pass,IL-TESTTSC-EDENS-N-1121,13531-20633-1
460,513,849,11.115841,58,fail,IL-TESTTSC-DAN_RYAN_EXPRESS-N-5258,15738-15692-1
461,514,849,20.479604,86,pass,IL-TESTTSC-DAN_RYAN_EXPRESS-N-5095,15738-15692-1
462,515,299,17.363687,100,pass,IL-TESTTSC-I_80-E-35040,20491-20488-1
463,517,680,6.84912,100,pass,IL-TESTTSC-EDENS-S-1027,20661-20662-1
464,518,1193,4.420013,100,pass,IL-TESTTSC-I_57-S-9118,21203-14668-1
465,519,167,2.291119,100,pass,IL-TESTTSC-KENNEDY-E-2019,21342-21346-1
466,520,572,20.315677,100,pass,IL-TESTTSC-I_80-E-35050,20488-12288-1
467,521,615,22.314139,100,pass,IL-TESTTSC-I_290-E-4039,20206-11623-1
468,522,833,20.308374,86,pass,IL-TESTTSC-DAN_RYAN_EXPRESS-S-5180,15664-15706-1
469,524,444,25.852538,100,pass,IL-TESTTSC-I_290-W-4129,10086-20139-1
470,525,906,12.185808,100,pass,IL-TESTTSC-STEVENSON-S-6102,20800-20799-1
471,526,98,4.276075,50,fail,IL-TESTTSC-KENNEDY_REVERSIBLE-W-2306,21405-21410-1
472,527,2136,18.396274,100,pass,IL-TESTTSC-STEVENSON-N-6051,21109-14768-1
473,528,312,19.02877,100,pass,IL-TESTTSC-STEVENSON-N-6022,11153-20321-1
474,529,59,20.415227,22,pass,IL-TESTTSC-LAKE_SHORE_DRIVE_NORTH-S-10212,21260-21265-1
475,530,1065,6.137939,100,pass,IL-TESTTSC-EISENHOWER-E-3030,14980-15238-1
476,531,493,7.052617,100,pass,IL-TESTTSC-I_290-W-4121,20156-10184-1
477,532,91,5.193757,22,pass,IL-TESTTSC-LAKE_SHORE_DRIVE_NORTH-N-10304,16093-21273-1
478,533,188,11.538349,100,pass,IL-TESTTSC-EISENHOWER-W-3103,15303-15173-1
479,534,147,7.264338,100,pass,IL-TESTTSC-KENNEDY-W-2107,21491-21486-1
480,535,537,19.020057,100,pass,IL-TESTTSC-I_80-E-35066,20450-14439-1
481,536,1148,6.855663,100,pass,IL-TESTTSC-STEVENSON-S-6122,21125-13033-1
482,537,450,18.801595,100,pass,IL-TESTTSC-STEVENSON-S-6126,20282-20289-1
483,538,1765,93.272757,52,fail,IL-TESTTSC-DAN_RYAN_EXPRESS-N-5053,15895-15822-1
484,539,42,0.533702,100,pass,IL-TESTTSC-KENNEDY-W-2104,20991-15285-1
485,540,2164,17.827003,100,pass,IL-TESTTSC-I_55-S-6156,9459-8843-1
486,541,1524,23.018224,100,pass,IL-TESTTSC-I_55-S-6143,21742-21743-1
487,542,882,12.615038,100,pass,IL-TESTTSC-BISHOP_FORD-S-7103,16214-16254-1
488,543,18,13.687236,87,pass,IL-TESTTSC-LAKE_SHORE_DRIVE_NORTH-S-10201,15072-15110-1
489,544,1144,23.15937,100,pass,IL-TESTTSC-I_55-S-6147,21146-21149-1
490,545,351,8.379683,100,pass,IL-TESTTSC-EISENHOWER-W-3130,23973-11624-1
491,546,1046,14.038758,100,pass,IL-TESTTSC-EISENHOWER-W-3112,14274-14222-1
492,547,438,20.927412,100,fail,IL-TESTTSC-ROUTE_53-S-11015,20109-20129-1
493,548,912,9.740214,50,fail,IL-TESTTSC-STEVENSON-S-6105,20804-15302-1
494,549,163,10.808096,100,pass,IL-TESTTSC-KENNEDY-E-2024,21381-21387-1
495,550,162,11.504915,100,pass,IL-TESTTSC-KENNEDY-W-2120,21388-21382-1
496,551,300,15.272796,100,pass,IL-TESTTSC-I_80-W-35132,20487-20490-1
497,552,412,14.258146,100,pass,IL-TESTTSC-KINGERY-W-8003,16715-16493-1
498,553,1131,0.169412,100,pass,IL-TESTTSC-I_55-S-6174,21230-8431-1
499,554,696,1.727995,100,pass,IL-TESTTSC-EDENS-S-1015,20628-13419-1
500,555,666,7.528664,100,pass,IL-TESTTSC-EDENS-S-1018,13513-13512-1
501,556,200,4.665937,22,pass,IL-TESTTSC-LAKE_SHORE_DRIVE_SOUTH-S-10103,21286-21957-1
502,557,423,19.855476,100,pass,IL-TESTTSC-STEVENSON-N-6025,20310-20306-1
503,558,50,16.54121,22,pass,IL-TESTTSC-LAKE_SHORE_DRIVE_SOUTH-S-10111,21306-21309-1
504,559,1525,17.415758,100,pass,IL-TESTTSC-I_55-N-6015,21143-21748-1
505,560,1033,7.378341,100,pass,IL-TESTTSC-EISENHOWER-W-3116,13643-13515-1
506,561,30,2.569239,22,pass,IL-TESTTSC-LAKE_SHORE_DRIVE_NORTH-S-10217,16071-20043-1
507,562,479,15.911065,100,pass,IL-TESTTSC-EISENHOWER-W-3127,20212-12132-1
508,563,828,18.628781,100,pass,IL-TESTTSC-I_57-S-9103,15444-20838-1
509,564,665,4.109783,100,pass,IL-TESTTSC-EDENS-S-1020,13512-20642-1
510,565,984,8.252682,100,pass,IL-TESTTSC-I_55-S-6180,8431-21232-1
511,567,270,21.568226,100,pass,IL-TESTTSC-I_290-W-4127,10080-20146-1
512,568,630,24.056031,100,pass,IL-TESTTSC-I_57-N-9007,20414-20399-1
513,569,363,22.022065,100,pass,IL-TESTTSC-STEVENSON-N-6032,12157-12808-1
514,570,485,5.526118,100,pass,IL-TESTTSC-EISENHOWER-W-3125,20211-12286-1
515,571,41,2.815096,100,pass,IL-TESTTSC-KENNEDY-W-2102,15295-20991-1
516,572,178,23.577071,100,pass,IL-TESTTSC-EDENS-N-1103,13710-20685-1
517,573,874,13.574962,100,pass,IL-TESTTSC-BISHOP_FORD-S-7102,15994-16214-1
518,575,821,18.940959,100,pass,IL-TESTTSC-I_57-S-9107,15043-14971-1
519,577,831,22.838552,29,fail,IL-TESTTSC-DAN_RYAN-S-5154,15661-15759-1
520,578,923,14.772084,100,pass,IL-TESTTSC-BISHOP_FORD-S-7108,20856-16211-1
521,579,826,5.651977,100,pass,IL-TESTTSC-DAN_RYAN_EXPRESS-N-5017,15406-20804-1
522,580,524,4.29161,100,pass,IL-TESTTSC-I_80-W-35118,20476-12398-1
523,581,520,10.808391,100,pass,IL-TESTTSC-I_80-W-35123,20467-20487-1
524,582,681,2.252571,100,pass,IL-TESTTSC-EDENS-N-1115,20650-13576-1
525,583,1165,10.436217,100,pass,IL-TESTTSC-BISHOP_FORD-S-7122,21218-21219-1
526,584,632,11.90289,100,pass,IL-TESTTSC-KINGERY-E-8105,20427-16714-1
527,586,392,17.155216,100,pass,IL-TESTTSC-I_80-W-35108,20454-20459-1
528,587,438,27.58479,40,pass,IL-TESTTSC-I_290_EXPRESS-E-4201,20109-20129-1
529,588,1420,12.872955,100,pass,IL-TESTTSC-KENNEDY-E-2014,13173-13220-1
530,589,572,13.048039,100,pass,IL-TESTTSC-I_80-E-35048,20488-12288-1
531,591,1064,7.642048,100,pass,IL-TESTTSC-I_57-N-9021,14976-21178-1
532,592,188,7.761075,100,pass,IL-TESTTSC-EISENHOWER-W-3105,15303-15173-1
533,593,493,6.403119,100,pass,IL-TESTTSC-I_290-W-4120,20156-10184-1
534,594,1206,9.219698,100,pass,IL-TESTTSC-STEVENSON-S-6109,20812-14708-1
535,595,190,1.711536,80,pass,IL-TESTTSC-EISENHOWER-E-3034,15405-15545-1
536,597,916,8.644751,100,pass,IL-TESTTSC-I_57-N-9031,20839-15460-1
537,598,66,16.114654,22,pass,IL-TESTTSC-LAKE_SHORE_DRIVE_SOUTH-N-10016,16042-21282-1
538,599,910,20.289994,100,pass,IL-TESTTSC-STEVENSON-S-6107,20807-20812-1
539,600,1166,1.816011,100,pass,IL-TESTTSC-BISHOP_FORD-S-7119,21209-16356-1
540,601,2164,21.794216,100,pass,IL-TESTTSC-I_55-S-6158,9459-8843-1
541,603,1059,13.637039,100,pass,IL-TESTTSC-EISENHOWER-W-3108,14755-14678-1
542,604,100,50.041965,50,pass,IL-TESTTSC-KENNEDY_REVERSIBLE-E-2200,21355-21362-1
543,605,1196,16.761575,100,fail,IL-TESTTSC-I_55-S-6150,21168-21172-1
544,606,1104,3.434581,100,pass,IL-TESTTSC-DAN_RYAN_EXPRESS-N-5022,21088-15295-1
545,607,24,9.590156,22,pass,IL-TESTTSC-LAKE_SHORE_DRIVE_NORTH-N-10316,15198-20036-1
546,608,1485,23.08944,100,pass,IL-TESTTSC-KENNEDY-E-2003,21648-11947-1
547,609,27,15.191971,22,pass,IL-TESTTSC-LAKE_SHORE_DRIVE_NORTH-S-10204,20035-15204-1
548,610,1031,22.592179,100,pass,IL-TESTTSC-STEVENSON-N-6042,13534-13736-1
549,611,1014,21.689602,100,pass,IL-TESTTSC-I_55-S-6149,10262-21158-1
550,612,1164,6.028346,100,pass,IL-TESTTSC-I_57-S-9114,21184-21203-1
551,613,524,7.673338,100,pass,IL-TESTTSC-I_80-W-35119,20476-12398-1
552,614,103,12.924878,100,pass,IL-TESTTSC-KENNEDY-W-2123,21364-21357-1
553,615,1730,18.045056,100,pass,IL-TESTTSC-I_80-E-35071,14439-14631-1
554,616,554,6.411361,100,pass,IL-TESTTSC-I_290-W-4108,20188-11409-1
555,617,845,15.50709,100,pass,IL-TESTTSC-STEVENSON-S-6104,15712-20806-1
556,619,226,1.488119,100,pass,IL-TESTTSC-I_57-S-9121,14566-20372-1
557,620,99,11.237877,100,pass,IL-TESTTSC-KENNEDY-E-2020,21346-21355-1
558,621,589,15.537574,100,pass,IL-TESTTSC-I_290-E-4035,20195-11415-1
559,622,686,8.018276,100,pass,IL-TESTTSC-EDENS-S-1022,20643-13568-1
560,623,2163,17.236009,100,pass,IL-TESTTSC-I_55-S-6154,21174-9459-1
561,624,486,24.379542,100,fail,IL-TESTTSC-ROUTE_53-S-11004,20068-10315-1
562,625,840,11.058061,100,pass,IL-TESTTSC-DAN_RYAN-N-5203,15704-15726-1
563,626,363,27.406685,100,pass,IL-TESTTSC-STEVENSON-N-6030,12157-12808-1
564,628,1017,16.904839,100,pass,IL-TESTTSC-I_55-S-6145,10669-21146-1
565,630,2147,16.07733,100,fail,IL-TESTTSC-ROUTE_53-S-11001,10133-10276-1
566,631,669,14.976675,100,pass,IL-TESTTSC-EDENS-S-1024,13568-13476-1
567,632,1104,4.055479,100,pass,IL-TESTTSC-DAN_RYAN_EXPRESS-N-5023,21088-15295-1
568,633,1152,19.349684,100,pass,IL-TESTTSC-STEVENSON-N-6044,21117-21116-1
569,634,869,16.706435,52,fail,IL-TESTTSC-DAN_RYAN_EXPRESS-S-5158,15933-15927-1
570,635,267,16.523161,100,pass,IL-TESTTSC-I_290-E-4011,10026-10076-1
571,636,867,12.030928,100,pass,IL-TESTTSC-BISHOP_FORD-S-7100,15927-15994-1
572,637,484,23.271314,100,pass,IL-TESTTSC-EISENHOWER-E-3006,20215-12343-1
573,638,854,10.093708,100,pass,IL-TESTTSC-DAN_RYAN-N-5202,15784-15736-1
574,639,387,11.508116,100,pass,IL-TESTTSC-I_57-N-9002,20460-20453-1
575,640,833,11.31633,58,fail,IL-TESTTSC-DAN_RYAN_EXPRESS-S-5350,15664-15706-1
576,641,1025,19.166741,100,pass,IL-TESTTSC-STEVENSON-N-6040,13101-21122-1
577,642,838,14.012192,58,fail,IL-TESTTSC-DAN_RYAN_EXPRESS-N-5256,15686-15738-1
578,643,924,14.496259,100,pass,IL-TESTTSC-BISHOP_FORD-S-7107,20848-16223-1
579,644,658,8.004745,100,pass,IL-TESTTSC-EDENS-N-1127,13201-20620-1
580,645,209,18.935466,22,pass,IL-TESTTSC-LAKE_SHORE_DRIVE_SOUTH-N-10004,21968-21312-1
581,646,2148,12.872791,100,fail,IL-TESTTSC-ROUTE_53-N-11115,10321-10149-1
582,647,1616,19.124047,100,pass,IL-TESTTSC-KENNEDY-E-2008,21631-21630-1
583,648,585,28.724561,100,fail,IL-TESTTSC-ROUTE_53-S-11003,20064-20068-1
584,649,1162,11.096187,100,pass,IL-TESTTSC-EISENHOWER-E-3022,21051-14225-1
585,650,444,14.546666,100,pass,IL-TESTTSC-I_290-W-4130,10086-20139-1
586,651,1425,1.96098,100,pass,IL-TESTTSC-KENNEDY-W-2128,13383-13270-1
587,652,360,19.648704,100,pass,IL-TESTTSC-EISENHOWER-W-3128,20216-20224-1
588,653,1424,12.090759,100,pass,IL-TESTTSC-KENNEDY-W-2129,13270-13179-1
589,654,607,22.962274,40,pass,IL-TESTTSC-I_290_EXPRESS-E-4202,20127-20110-1
590,655,633,12.038425,89,fail,IL-TESTTSC-KINGERY-W-8005,20424-20426-1
591,656,345,5.867279,100,pass,IL-TESTTSC-EISENHOWER-E-3001,11623-20217-1
592,658,447,23.349055,100,pass,IL-TESTTSC-STEVENSON-N-6028,20303-20298-1
593,660,1067,8.549497,100,pass,IL-TESTTSC-EISENHOWER-W-3106,15173-14981-1
594,661,1040,8.847376,100,pass,IL-TESTTSC-EISENHOWER-E-3020,13998-21051-1
595,662,1187,3.999627,100,pass,IL-TESTTSC-BISHOP_FORD-N-7010,21208-21202-1
596,663,1054,8.488406,100,pass,IL-TESTTSC-EISENHOWER-W-3109,14635-14520-1
597,664,503,4.245353,100,pass,IL-TESTTSC-I_290-E-22912,20162-20165-1
598,665,318,17.360922,100,pass,IL-TESTTSC-I_290-E-4033,11389-20189-1
599,666,523,18.12347,100,pass,IL-TESTTSC-I_80-E-35061,20474-20461-1
600,667,363,25.391228,100,pass,IL-TESTTSC-STEVENSON-N-6029,12157-12808-1
601,668,1415,10.225089,100,pass,IL-TESTTSC-KENNEDY-E-2011,12905-21641-1
602,669,227,10.662403,100,pass,IL-TESTTSC-I_57-N-9014,14561-20370-1
603,670,175,4.657856,50,fail,IL-TESTTSC-KENNEDY_REVERSIBLE-E-2206,21458-21414-1
604,671,1770,18.410609,100,pass,IL-TESTTSC-DAN_RYAN_EXPRESS-N-5080,15947-15943-1
605,672,659,5.119422,100,pass,IL-TESTTSC-EDENS-S-1011,13299-20628-1
606,673,1027,10.108544,100,pass,IL-TESTTSC-EISENHOWER-E-3015,13349-21076-1
607,674,129,18.038624,100,pass,IL-TESTTSC-KENNEDY-E-2033,21442-21446-1
608,675,701,7.783424,100,pass,IL-TESTTSC-EDENS-S-1001,20599-20605-1
609,677,1022,9.060865,100,pass,IL-TESTTSC-EISENHOWER-E-3011,12978-21065-1
610,678,695,1.898523,100,pass,IL-TESTTSC-EDENS-N-1128,20618-13131-1
611,680,699,2.899407,100,pass,IL-TESTTSC-EDENS-S-1009,20619-13188-1
612,681,1057,20.966389,100,pass,IL-TESTTSC-STEVENSON-S-6111,14708-14404-1
613,683,277,19.750481,100,pass,IL-TESTTSC-I_290-W-4123,10184-10143-1
614,684,1393,11.799564,100,pass,IL-TESTTSC-KENNEDY-W-2137,12147-12102-1
615,685,624,21.164519,100,pass,IL-TESTTSC-I_57-S-9128,20412-20449-1
616,686,1528,13.01402,100,pass,IL-TESTTSC-I_55-N-6016,21745-10738-1
617,687,838,12.245252,86,pass,IL-TESTTSC-DAN_RYAN_EXPRESS-N-5093,15686-15738-1
618,688,29,17.949462,22,pass,IL-TESTTSC-LAKE_SHORE_DRIVE_NORTH-N-10314,15227-15211-1
619,689,1361,23.296211,100,pass,IL-TESTTSC-I_55-S-6141,11097-21742-1
620,690,481,9.395426,100,pass,IL-TESTTSC-EISENHOWER-W-3126,20210-20212-1
621,691,1419,14.234933,100,pass,IL-TESTTSC-KENNEDY-W-2130,13112-13010-1
622,692,68,24.095589,22,pass,IL-TESTTSC-LAKE_SHORE_DRIVE_SOUTH-S-10102,21282-16042-1
623,693,1133,6.085098,100,pass,IL-TESTTSC-I_55-N-59997,21192-8842-1
624,694,1065,11.46104,100,pass,IL-TESTTSC-EISENHOWER-E-3029,14980-15238-1
625,695,175,4.424993,50,fail,IL-TESTTSC-KENNEDY_REVERSIBLE-E-2205,21458-21414-1
626,696,1196,16.504612,100,fail,IL-TESTTSC-I_55-S-6151,21168-21172-1
627,697,1766,14.969569,100,pass,IL-TESTTSC-DAN_RYAN_EXPRESS-S-5196,15903-15902-1
628,698,921,16.027405,100,pass,IL-TESTTSC-DAN_RYAN_EXPRESS-S-5197,20830-15929-1
629,699,822,7.245141,50,fail,IL-TESTTSC-STEVENSON-N-6054,15283-20805-1
630,700,659,1.299887,100,pass,IL-TESTTSC-EDENS-S-1013,13299-20628-1
631,701,441,26.742428,100,pass,IL-TESTTSC-I_290-E-4005,20137-20138-1
632,702,1423,2.304123,100,pass,IL-TESTTSC-KENNEDY-E-2016,13269-13413-1
633,703,917,18.860931,100,pass,IL-TESTTSC-I_57-S-9105,20838-15043-1
634,704,1028,13.344675,100,pass,IL-TESTTSC-STEVENSON-S-6119,13468-21125-1
635,705,96,1.4225,50,pass,IL-TESTTSC-KENNEDY_REVERSIBLE-E-2204,21410-21450-1
636,706,1756,15.673518,29,fail,IL-TESTTSC-DAN_RYAN-N-5057,15729-15707-1
637,707,625,21.364792,100,pass,IL-TESTTSC-I_57-S-9126,20398-20412-1
638,708,913,23.06242,100,pass,IL-TESTTSC-STEVENSON-N-6057,20802-15788-1
639,709,520,10.5171,100,pass,IL-TESTTSC-I_80-W-35125,20467-20487-1
640,710,1748,15.560399,100,pass,IL-TESTTSC-DAN_RYAN-S-5301,15642-15641-1
641,711,699,0.34305,100,pass,IL-TESTTSC-EDENS-S-1008,20619-13188-1
642,712,268,8.815845,100,pass,IL-TESTTSC-I_290-W-4132,10042-9961-1
643,713,28,13.536489,22,pass,IL-TESTTSC-LAKE_SHORE_DRIVE_NORTH-S-10205,15204-15216-1
644,714,125,10.234796,100,pass,IL-TESTTSC-KENNEDY-E-2031,21429-21434-1
645,715,435,23.080879,100,fail,IL-TESTTSC-ROUTE_53-N-11106,20093-20092-1
646,716,818,15.218756,100,pass,IL-TESTTSC-I_57-N-9025,14978-15026-1
647,717,671,14.297086,100,pass,IL-TESTTSC-EDENS-S-1031,13633-20679-1
648,718,275,1.555088,100,pass,IL-TESTTSC-I_290-E-4018,10165-10723-1
649,719,580,12.808872,89,pass,IL-TESTTSC-KINGERY-E-8102,20432-16454-1
650,720,394,21.676236,100,pass,IL-TESTTSC-I_80-W-35106,14440-20448-1
651,721,989,1.369827,100,pass,IL-TESTTSC-I_55-S-6161,8843-21191-1
652,722,114,16.87732,100,pass,IL-TESTTSC-KENNEDY-W-2118,21400-21394-1
653,723,1369,17.865121,100,pass,IL-TESTTSC-KENNEDY-W-2141,11809-11755-1
654,724,1755,11.655617,100,pass,IL-TESTTSC-DAN_RYAN-N-5205,15727-15723-1
655,725,272,10.243647,100,pass,IL-TESTTSC-ROUTE_53_I_355_CONNECTOR-S-24002,10101-20153-1
656,727,1471,0.650211,100,pass,IL-TESTTSC-KENNEDY-W-2127,21654-13383-1
657,728,524,8.310205,100,pass,IL-TESTTSC-I_80-W-35115,20476-12398-1
658,729,652,9.618139,100,pass,IL-TESTTSC-EDENS-S-1002,12932-20613-1
659,730,1526,19.029204,100,pass,IL-TESTTSC-I_55-S-6144,21746-10669-1
660,731,1768,85.754686,52,fail,IL-TESTTSC-DAN_RYAN_EXPRESS-N-5052,15919-15920-1
661,732,835,2.256686,86,pass,IL-TESTTSC-DAN_RYAN_EXPRESS-S-5191,15674-15819-1
662,733,1154,20.899104,100,pass,IL-TESTTSC-STEVENSON-N-6045,21116-14022-1
663,734,280,21.174785,100,fail,IL-TESTTSC-ROUTE_53-N-11112,10340-20069-1
664,735,574,22.698714,100,fail,IL-TESTTSC-BISHOP_FORD-S-7126,20411-20444-1
665,736,267,12.834176,100,pass,IL-TESTTSC-I_290-E-4010,10026-10076-1
666,737,363,25.884398,100,pass,IL-TESTTSC-STEVENSON-N-6031,12157-12808-1
667,739,838,11.61181,86,pass,IL-TESTTSC-DAN_RYAN_EXPRESS-N-5094,15686-15738-1
668,740,121,11.643117,100,pass,IL-TESTTSC-KENNEDY-E-2029,21420-21426-1
669,741,244,3.977628,100,pass,IL-TESTTSC-I_55-N-59968,8220-20572-1
670,743,345,22.179033,100,pass,IL-TESTTSC-EISENHOWER-E-3002,11623-20217-1
671,744,835,15.701438,86,pass,IL-TESTTSC-DAN_RYAN_EXPRESS-S-5190,15674-15819-1
672,745,317,21.287192,100,pass,IL-TESTTSC-I_290-W-4110,11357-11145-1
673,746,120,3.089977,100,pass,IL-TESTTSC-KENNEDY-W-2116,21416-21403-1
674,747,917,18.557831,100,pass,IL-TESTTSC-I_57-S-9106,20838-15043-1
675,748,173,0.564888,100,pass,IL-TESTTSC-KENNEDY-W-2110,21467-21455-1
676,750,1730,14.405452,100,pass,IL-TESTTSC-I_80-E-35070,14439-14631-1
677,751,657,2.215162,100,pass,IL-TESTTSC-EDENS-S-1010,13188-13299-1
678,752,607,22.533235,40,pass,IL-TESTTSC-I_290-W-4139,20127-20110-1
679,754,546,19.622587,100,pass,IL-TESTTSC-I_80-W-35110,20459-20471-1
680,755,935,16.618541,100,pass,IL-TESTTSC-BISHOP_FORD-S-7124,16328-20402-1
681,756,133,12.727651,100,pass,IL-TESTTSC-KENNEDY-E-2035,21457-21471-1
682,757,271,21.060333,100,pass,IL-TESTTSC-I_290-E-4016,10101-10165-1
683,758,1017,18.330206,100,pass,IL-TESTTSC-I_55-S-6146,10669-21146-1
684,759,572,10.610548,100,pass,IL-TESTTSC-I_80-E-35046,20488-12288-1
685,760,229,11.235308,100,pass,IL-TESTTSC-I_57-S-9119,14668-14566-1
686,761,1023,21.48241,100,pass,IL-TESTTSC-STEVENSON-S-6123,13033-12840-1
687,762,311,8.83542,100,pass,IL-TESTTSC-I_290-W-4111,11145-11106-1
688,763,1041,15.78312,100,pass,IL-TESTTSC-STEVENSON-N-6047,14022-14312-1
689,764,394,16.904835,100,pass,IL-TESTTSC-I_80-W-35104,14440-20448-1
690,765,921,18.330996,100,pass,IL-TESTTSC-DAN_RYAN_EXPRESS-S-5198,20830-15929-1
691,766,621,10.767514,100,pass,IL-TESTTSC-STEVENSON-S-6131,20289-12048-1
692,767,572,24.746475,100,pass,IL-TESTTSC-I_80-E-35044,20488-12288-1
693,768,431,22.23162,100,fail,IL-TESTTSC-ROUTE_53-S-11009,20089-9921-1
694,769,274,21.435038,100,fail,IL-TESTTSC-ROUTE_53-S-11008,10148-20089-1
695,770,1484,18.238526,100,pass,IL-TESTTSC-KENNEDY-W-2140,21649-11809-1
696,771,1770,58.682083,52,fail,IL-TESTTSC-DAN_RYAN_EXPRESS-N-5050,15947-15943-1
697,772,433,18.173758,100,fail,IL-TESTTSC-ROUTE_53-S-11012,20106-9933-1
698,773,2265,18.283473,100,pass,IL-TESTTSC-EISENHOWER-E-3004,20217-23982-1
699,774,1368,20.946623,100,pass,IL-TESTTSC-KENNEDY-E-2001,11808-11889-1
700,776,1209,8.167319,100,pass,IL-TESTTSC-I_57-N-9017,14756-14976-1
701,777,49,4.954017,22,pass,IL-TESTTSC-LAKE_SHORE_DRIVE_NORTH-S-10208,15419-19903-1
702,778,265,13.926209,100,pass,IL-TESTTSC-I_290-W-4136,9961-20132-1
703,779,661,6.712437,100,pass,IL-TESTTSC-EDENS-N-1125,13418-13316-1
704,780,438,19.53088,100,fail,IL-TESTTSC-ROUTE_53_EXPRESS-S-11202,20109-20129-1
705,781,72,5.964675,22,pass,IL-TESTTSC-LAKE_SHORE_DRIVE_NORTH-N-10305,21273-21266-1
706,782,58,5.883539,22,pass,IL-TESTTSC-LAKE_SHORE_DRIVE_NORTH-N-10309,21257-21254-1
707,783,307,10.406542,100,pass,IL-TESTTSC-I_290-W-4114,11106-10799-1
708,784,343,13.858284,44,fail,IL-TESTTSC-STEVENSON-N-6026,11593-11747-1
709,785,651,3.132346,100,pass,IL-TESTTSC-EDENS-N-1133,12824-20603-1
710,786,443,22.752212,100,pass,IL-TESTTSC-I_290-E-4012,10076-20147-1
711,787,832,10.931362,86,pass,IL-TESTTSC-DAN_RYAN_EXPRESS-S-5186,15663-15674-1
712,788,268,8.810604,100,pass,IL-TESTTSC-I_290-W-4133,10042-9961-1
713,789,1164,9.122303,100,pass,IL-TESTTSC-I_57-S-9115,21184-21203-1
714,790,832,11.559881,86,pass,IL-TESTTSC-DAN_RYAN_EXPRESS-S-5187,15663-15674-1
715,791,1056,13.506031,100,pass,IL-TESTTSC-EISENHOWER-E-3027,14688-14754-1
716,792,704,13.952821,100,pass,IL-TESTTSC-EDENS-N-1108,20675-20671-1
717,793,279,14.499034,100,fail,IL-TESTTSC-ROUTE_53-S-11005,10315-10359-1
718,794,450,19.139281,100,pass,IL-TESTTSC-STEVENSON-S-6129,20282-20289-1
719,796,1028,18.710154,100,pass,IL-TESTTSC-STEVENSON-S-6120,13468-21125-1
720,797,888,20.464469,100,pass,IL-TESTTSC-BISHOP_FORD-N-7025,16261-16217-1
721,799,648,7.437686,100,pass,IL-TESTTSC-EDENS-S-1007,12634-13130-1
722,800,31,27.07413,22,pass,IL-TESTTSC-LAKE_SHORE_DRIVE_NORTH-S-10218,20043-16070-1
723,801,607,21.647332,40,pass,IL-TESTTSC-ROUTE_53-N-11101,20127-20110-1
724,802,536,2.354053,100,pass,IL-TESTTSC-I_290-E-4031,20177-20186-1
725,803,849,15.954147,86,pass,IL-TESTTSC-DAN_RYAN_EXPRESS-N-5098,15738-15692-1
726,804,1056,16.94714,100,pass,IL-TESTTSC-EISENHOWER-E-3026,14688-14754-1
727,806,537,17.97042,100,pass,IL-TESTTSC-I_80-E-35067,20450-14439-1
728,807,572,21.651428,100,pass,IL-TESTTSC-I_80-E-35043,20488-12288-1
729,808,269,21.130192,100,pass,IL-TESTTSC-I_290-E-4014,10072-10101-1
730,809,1396,11.639686,100,pass,IL-TESTTSC-KENNEDY-E-2007,12182-21632-1
731,810,1207,1.820022,100,pass,IL-TESTTSC-I_57-S-9112,14963-21184-1
732,811,888,3.339193,100,pass,IL-TESTTSC-BISHOP_FORD-N-7026,16261-16217-1
733,812,91,5.193757,22,pass,IL-TESTTSC-LAKE_SHORE_DRIVE_NORTH-N-10303,16093-21273-1
734,813,2186,7.313346,100,pass,IL-TESTTSC-BISHOP_FORD-N-7005,20395-21226-1
735,814,832,16.475506,86,pass,IL-TESTTSC-DAN_RYAN_EXPRESS-S-5188,15663-15674-1
736,815,186,0.560311,100,pass,IL-TESTTSC-KENNEDY-E-2039,15263-15262-1
737,816,541,16.181169,100,pass,IL-TESTTSC-I_57-N-9004,20452-20446-1
738,817,1049,11.902336,100,pass,IL-TESTTSC-STEVENSON-N-6049,14401-21109-1
739,818,493,7.823383,100,pass,IL-TESTTSC-I_290-W-4118,20156-10184-1
740,819,493,3.778619,100,pass,IL-TESTTSC-I_290-W-4117,20156-10184-1
741,820,850,20.76905,100,pass,IL-TESTTSC-DAN_RYAN-N-5207,15754-15756-1
742,821,675,13.55995,100,pass,IL-TESTTSC-EDENS-S-1036,13659-13698-1
743,822,368,14.605709,100,pass,IL-TESTTSC-EISENHOWER-W-3124,12535-20211-1
744,823,1728,34.486025,100,pass,IL-TESTTSC-EDENS-N-1129,13092-13056-1
745,824,607,22.962274,40,pass,IL-TESTTSC-I_290-W-4138,20127-20110-1
746,825,820,23.957517,100,pass,IL-TESTTSC-I_57-N-9027,15026-20839-1
747,826,880,3.733587,100,pass,IL-TESTTSC-BISHOP_FORD-S-7110,16211-20866-1
748,829,278,12.889378,100,fail,IL-TESTTSC-ROUTE_53-S-11002,10276-20064-1
749,830,632,9.114009,100,pass,IL-TESTTSC-KINGERY-E-8107,20427-16714-1
750,831,854,23.486315,29,fail,IL-TESTTSC-DAN_RYAN-N-5054,15784-15736-1
751,834,1209,12.003693,100,pass,IL-TESTTSC-I_57-N-9018,14756-14976-1
752,835,624,15.76713,100,pass,IL-TESTTSC-I_57-S-9127,20412-20449-1
753,836,835,15.279646,86,pass,IL-TESTTSC-DAN_RYAN_EXPRESS-S-5192,15674-15819-1
754,837,1022,9.710912,100,pass,IL-TESTTSC-EISENHOWER-E-3012,12978-21065-1
755,838,990,24.817284,100,pass,IL-TESTTSC-I_55-N-6007,9488-9828-1
756,839,411,3.721961,89,fail,IL-TESTTSC-KINGERY-W-8004,16493-20424-1
757,840,1025,20.638156,100,pass,IL-TESTTSC-STEVENSON-N-6039,13101-21122-1
758,842,1209,9.206633,100,pass,IL-TESTTSC-I_57-N-9020,14756-14976-1
759,843,884,16.687025,100,pass,IL-TESTTSC-BISHOP_FORD-N-7027,16217-16015-1
760,844,65,12.638058,22,pass,IL-TESTTSC-LAKE_SHORE_DRIVE_SOUTH-N-10015,21285-21284-1
761,845,2261,23.201712,52,fail,IL-TESTTSC-DAN_RYAN_EXPRESS-S-5155,23899-15819-1
762,846,852,0.419127,100,pass,IL-TESTTSC-DAN_RYAN-S-5312,15759-23899-1
763,847,578,3.730857,100,fail,IL-TESTTSC-BISHOP_FORD-S-7127,20444-20489-1
764,848,587,6.118981,100,pass,IL-TESTTSC-I_290-E-4030,20176-20177-1
765,849,993,22.64515,100,pass,IL-TESTTSC-I_55-N-6009,9828-21167-1
766,850,546,21.670079,100,pass,IL-TESTTSC-I_80-W-35111,20459-20471-1
767,851,556,9.425345,100,pass,IL-TESTTSC-I_80-W-35134,20490-10521-1
768,852,1025,20.927253,100,pass,IL-TESTTSC-STEVENSON-N-6038,13101-21122-1
769,853,33,16.121953,22,pass,IL-TESTTSC-LAKE_SHORE_DRIVE_NORTH-N-10302,20046-16091-1
770,854,106,10.019768,100,pass,IL-TESTTSC-KENNEDY-W-2122,21375-21369-1
771,855,841,40.163535,28,fail,IL-TESTTSC-DAN_RYAN-S-5152,15706-15663-1
772,856,1047,10.341708,100,pass,IL-TESTTSC-STEVENSON-N-6048,14312-14401-1
773,857,983,19.373891,100,pass,IL-TESTTSC-I_55-N-59978,8318-21231-1
774,858,348,8.290882,100,pass,IL-TESTTSC-STEVENSON-S-6134,11655-11567-1
775,859,524,11.998668,100,pass,IL-TESTTSC-I_80-W-35117,20476-12398-1
776,860,893,12.173183,100,pass,IL-TESTTSC-BISHOP_FORD-N-7013,16370-20874-1
777,861,1141,21.887833,100,pass,IL-TESTTSC-I_55-N-6012,21150-10393-1
778,862,1376,22.19029,100,pass,IL-TESTTSC-KENNEDY-W-2139,11953-21643-1
779,863,1690,15.593449,100,pass,IL-TESTTSC-I_290-E-4036,11415-11423-1
780,864,986,8.200489,100,pass,IL-TESTTSC-I_55-S-6167,8516-21230-1
781,865,985,17.284102,100,pass,IL-TESTTSC-I_55-N-59991,8463-8524-1
782,866,410,4.537109,100,pass,IL-TESTTSC-KINGERY-E-8104,16454-20427-1
783,867,95,3.164203,50,pass,IL-TESTTSC-KENNEDY_REVERSIBLE-E-2201,21361-21405-1
784,868,567,12.843118,100,pass,IL-TESTTSC-I_80-E-35059,20475-20474-1
785,869,190,12.704962,100,pass,IL-TESTTSC-EISENHOWER-E-3033,15405-15545-1
786,870,819,9.728377,100,pass,IL-TESTTSC-I_57-N-9023,14985-14986-1
787,871,520,18.789092,100,pass,IL-TESTTSC-I_80-W-35129,20467-20487-1
788,872,836,14.952416,100,pass,IL-TESTTSC-DAN_RYAN-S-5304,15675-15671-1
789,873,275,15.217402,100,pass,IL-TESTTSC-I_290-E-4022,10165-10723-1
790,874,93,19.87423,100,pass,IL-TESTTSC-STEVENSON-S-6101,21289-16011-1
791,875,275,2.716587,100,pass,IL-TESTTSC-I_290-E-4020,10165-10723-1
792,876,1135,21.249707,100,pass,IL-TESTTSC-I_55-N-6005,21177-9488-1
793,877,654,16.0666,100,pass,IL-TESTTSC-EDENS-S-1004,13045-13076-1
794,878,345,19.4158,100,pass,IL-TESTTSC-EISENHOWER-E-3003,11623-20217-1
795,879,325,19.755175,100,pass,IL-TESTTSC-I_290-W-4107,11425-20188-1
796,880,473,8.303654,100,pass,IL-TESTTSC-I_80-E-35037,10529-20491-1
797,883,361,4.333282,100,pass,IL-TESTTSC-STEVENSON-S-6132,12048-20304-1
798,884,1756,18.35525,100,pass,IL-TESTTSC-DAN_RYAN-N-5210,15729-15707-1
799,885,229,3.412531,100,pass,IL-TESTTSC-I_57-S-9120,14668-14566-1
800,886,673,2.153736,100,pass,IL-TESTTSC-EDENS-N-1111,13646-13462-1
801,887,880,15.741461,100,pass,IL-TESTTSC-BISHOP_FORD-S-7109,16211-20866-1
802,888,1050,13.819292,100,pass,IL-TESTTSC-STEVENSON-S-6112,14404-14313-1
803,889,822,10.632108,100,pass,IL-TESTTSC-DAN_RYAN_EXPRESS-S-5107,15283-20805-1
804,890,175,5.199538,50,fail,IL-TESTTSC-KENNEDY_REVERSIBLE-E-2207,21458-21414-1
805,891,1155,15.498397,100,pass,IL-TESTTSC-EISENHOWER-W-3123,21070-12606-1
806,892,546,8.868833,100,pass,IL-TESTTSC-I_80-W-35112,20459-20471-1
807,893,1042,8.390027,100,pass,IL-TESTTSC-EISENHOWER-W-3113,14074-21048-1
808,895,439,16.969641,100,fail,IL-TESTTSC-ROUTE_53-N-11103,20110-9952-1
809,896,1320,2.051716,100,pass,IL-TESTTSC-ROUTE_53_I_355_CONNECTOR-S-24004,9919-21668-1
810,898,1145,10.695671,100,pass,IL-TESTTSC-STEVENSON-N-6034,21127-21126-1
811,899,312,20.556012,100,pass,IL-TESTTSC-STEVENSON-N-6020,11153-20321-1
812,900,1745,19.329786,29,fail,IL-TESTTSC-DAN_RYAN-S-5151,15639-15638-1
813,901,1202,0.410381,100,pass,IL-TESTTSC-BISHOP_FORD-S-7117,16357-21199-1
814,902,889,6.146618,100,pass,IL-TESTTSC-BISHOP_FORD-N-7018,16274-16215-1
815,903,1731,11.152039,100,pass,IL-TESTTSC-I_80-W-35102,14643-14440-1
816,904,893,6.347338,100,pass,IL-TESTTSC-BISHOP_FORD-N-7014,16370-20874-1
817,906,816,14.227773,100,pass,IL-TESTTSC-I_57-S-9110,14975-14977-1
818,907,1186,4.631343,100,pass,IL-TESTTSC-BISHOP_FORD-S-7118,21207-21209-1
819,908,111,4.576117,100,pass,IL-TESTTSC-KENNEDY-E-2025,21391-21395-1
820,910,311,7.07149,100,pass,IL-TESTTSC-I_290-W-4112,11145-11106-1
821,911,36,12.831124,22,pass,IL-TESTTSC-LAKE_SHORE_DRIVE_NORTH-N-10313,20054-20052-1
822,912,830,16.726993,100,pass,IL-TESTTSC-DAN_RYAN-S-5310,15632-15662-1
823,913,140,8.846633,100,pass,IL-TESTTSC-KENNEDY-E-2037,21479-21483-1
824,914,1132,13.373345,100,pass,IL-TESTTSC-I_55-N-59984,21231-8463-1
825,915,158,3.625111,100,pass,IL-TESTTSC-KENNEDY-E-2030,21426-21428-1
826,916,1018,10.459346,100,pass,IL-TESTTSC-EISENHOWER-E-3009,12672-12827-1
827,917,708,14.160836,100,pass,IL-TESTTSC-EDENS-S-1033,20683-13645-1
828,919,260,23.120137,100,fail,IL-TESTTSC-ROUTE_53-S-11010,9921-20094-1
829,920,428,24.139822,100,fail,IL-TESTTSC-ROUTE_53-N-11110,20072-10380-1
830,921,1016,25.630409,100,pass,IL-TESTTSC-I_55-N-6014,10393-21143-1
831,922,916,13.383807,100,pass,IL-TESTTSC-I_57-N-9030,20839-15460-1
832,923,1007,22.918955,100,pass,IL-TESTTSC-I_55-N-6010,10040-21157-1
833,924,821,21.420907,100,pass,IL-TESTTSC-I_57-S-9108,15043-14971-1
834,925,1728,38.035026,100,pass,IL-TESTTSC-EDENS-N-1130,13092-13056-1
835,926,621,28.737546,100,pass,IL-TESTTSC-STEVENSON-S-6130,20289-12048-1
836,927,1075,10.956183,100,pass,IL-TESTTSC-BISHOP_FORD-N-7009,16364-21213-1
837,928,1030,11.446708,100,pass,IL-TESTTSC-EISENHOWER-W-3117,13515-21072-1
838,929,74,7.954446,22,pass,IL-TESTTSC-LAKE_SHORE_DRIVE_SOUTH-N-10012,21294-21288-1
839,930,1069,14.802186,100,pass,IL-TESTTSC-DAN_RYAN_EXPRESS-S-5104,15275-15274-1
840,931,1320,4.800492,100,pass,IL-TESTTSC-ROUTE_53_I_355_CONNECTOR-S-24005,9919-21668-1
841,934,47,10.013418,22,pass,IL-TESTTSC-LAKE_SHORE_DRIVE_NORTH-N-10312,19902-20054-1
842,935,654,2.263342,100,pass,IL-TESTTSC-EDENS-S-1006,13045-13076-1
843,936,706,10.310841,100,pass,IL-TESTTSC-EDENS-S-1030,20663-20670-1
844,937,1749,8.279386,100,pass,IL-TESTTSC-DAN_RYAN-S-5306,15655-15623-1
845,938,513,15.097625,100,pass,IL-TESTTSC-I_290-W-4105,20196-20194-1
846,939,1396,12.321731,100,pass,IL-TESTTSC-NORTHWEST_TOLL-E-91050,12182-21632-1
847,940,95,3.164203,50,fail,IL-TESTTSC-KENNEDY_REVERSIBLE-W-2308,21361-21405-1
848,941,51,0.217394,22,pass,IL-TESTTSC-LAKE_SHORE_DRIVE_SOUTH-N-10007,21308-21307-1
849,942,1474,15.555977,100,pass,IL-TESTTSC-KENNEDY-E-2009,21630-12644-1
850,943,113,4.029252,100,pass,IL-TESTTSC-KENNEDY-E-2027,21401-21406-1
851,944,629,13.451604,100,pass,IL-TESTTSC-I_57-S-9123,20372-20396-1
852,945,192,3.106055,80,pass,IL-TESTTSC-EISENHOWER-W-3101,15546-15303-1
853,946,1742,12.830486,100,pass,IL-TESTTSC-DAN_RYAN-S-5309,15633-15632-1
854,947,175,4.424993,50,pass,IL-TESTTSC-KENNEDY_REVERSIBLE-W-2304,21458-21414-1
855,948,536,0.021293,100,pass,IL-TESTTSC-I_290-E-4032,20177-20186-1
856,949,299,12.178245,100,pass,IL-TESTTSC-I_80-E-35039,20491-20488-1
857,950,816,14.253234,100,pass,IL-TESTTSC-I_57-S-9109,14975-14977-1
858,951,380,15.972751,100,pass,IL-TESTTSC-I_80-E-35058,20478-20477-1
859,952,1074,3.937414,100,pass,IL-TESTTSC-BISHOP_FORD-S-7120,16356-21218-1
860,954,827,14.855955,100,pass,IL-TESTTSC-STEVENSON-N-6055,15415-15615-1
861,955,572,13.599971,100,pass,IL-TESTTSC-I_80-E-35047,20488-12288-1
862,957,587,22.000722,100,pass,IL-TESTTSC-I_290-E-4029,20176-20177-1
863,958,1074,5.190161,100,pass,IL-TESTTSC-BISHOP_FORD-S-7121,16356-21218-1
864,959,175,3.299276,50,pass,IL-TESTTSC-KENNEDY_REVERSIBLE-W-2301,21458-21414-1
865,960,908,15.110271,100,pass,IL-TESTTSC-STEVENSON-N-6053,20810-15415-1
866,961,697,1.672127,100,pass,IL-TESTTSC-EDENS-N-1122,20633-13418-1
867,962,1145,4.441934,100,pass,IL-TESTTSC-STEVENSON-N-6035,21127-21126-1
868,963,934,0.882469,100,pass,IL-TESTTSC-DAN_RYAN_EXPRESS-N-5020,20787-15315-1
869,964,1368,19.288783,100,pass,IL-TESTTSC-KENNEDY-E-2002,11808-11889-1
870,965,920,16.762674,100,pass,IL-TESTTSC-DAN_RYAN_EXPRESS-N-5081,20831-15934-1
871,967,853,19.368012,86,pass,IL-TESTTSC-DAN_RYAN_EXPRESS-N-5090,15783-15686-1
872,968,1156,2.608879,100,pass,IL-TESTTSC-EISENHOWER-E-3013,21065-13349-1
873,969,685,2.559418,100,pass,IL-TESTTSC-EDENS-S-1026,20660-20661-1
874,970,888,14.765706,100,pass,IL-TESTTSC-BISHOP_FORD-N-7024,16261-16217-1
875,971,841,14.300004,58,fail,IL-TESTTSC-DAN_RYAN_EXPRESS-S-5352,15706-15663-1
876,974,300,16.086357,100,pass,IL-TESTTSC-I_80-W-35133,20487-20490-1
877,975,547,15.922022,100,pass,IL-TESTTSC-I_80-W-35107,20448-20451-1
878,976,1029,15.207866,100,pass,IL-TESTTSC-EISENHOWER-E-3017,13514-13642-1
879,977,847,17.77424,100,pass,IL-TESTTSC-DAN_RYAN-N-5204,15726-15727-1
880,978,173,0.345265,100,pass,IL-TESTTSC-KENNEDY-W-2109,21467-21455-1
881,979,1742,15.971661,100,pass,IL-TESTTSC-DAN_RYAN-S-5308,15633-15632-1
882,981,1928,5.663398,100,pass,IN-InDOT-V001-EB_I-94_SRC_23,17358-17523-1
883,982,1920,10.004567,100,pass,IN-InDOT-V001-WB_I-94_SRC_2064,17244-17167-1
884,983,1963,1.595484,100,pass,IN-InDOT-V001-NB_I-65_SRC_2471,17830-17866-1
885,984,1887,20.155639,100,pass,IN-InDOT-V001-EB_I-94_SRC_10,17012-17050-1
886,985,1963,3.038107,100,pass,IN-InDOT-V001-NB_I-65_SRC_2030,17830-17866-1
887,986,1890,0.142492,100,pass,IN-InDOT-V001-WB_I-94_SRC_2477,17062-17051-1
888,987,2071,17.888075,100,pass,IN-InDOT-V001-WB_I-94_SRC_2060,22196-18122-1
889,988,1966,41.751914,100,pass,IN-InDOT-V001-SB_I-65_SRC_2025,17861-17815-1
890,989,1999,9.626087,100,pass,IN-InDOT-V001-EB_I-94_SRC_2486,18164-18184-1
891,990,1963,26.028619,100,pass,IN-InDOT-V001-NB_I-65_SRC_2025,17830-17866-1
892,991,1886,11.853484,100,pass,IN-InDOT-V001-WB_I-94_SRC_17,17011-16936-1
893,992,1877,6.640886,100,pass,IN-InDOT-V001-WB_I-94_SRC_12,16786-16715-1
894,993,1877,6.49566,100,pass,IN-InDOT-V001-WB_I-94_SRC_11,16786-16715-1
895,994,1967,7.438015,100,pass,IN-InDOT-V001-NB_I-65_SRC_2504,17866-22248-1
896,995,1932,28.191894,100,pass,IN-InDOT-V001-WB_I-94_SRC_5,17524-17357-1
897,996,1966,9.231781,100,pass,IN-InDOT-V001-SB_I-65_SRC_2476,17861-17815-1
898,997,1966,0.641427,100,pass,IN-InDOT-V001-SB_I-65_SRC_2502,17861-17815-1
899,998,1956,0.905444,100,pass,IN-InDOT-V001-NB_I-65_SRC_2528,17812-17828-1
900,999,1932,26.649669,100,pass,IN-InDOT-V001-WB_I-94_SRC_2505,17524-17357-1
901,1000,2120,11.25624,100,pass,IN-InDOT-V001-SB_I-65_SRC_3158,22247-17878-1
902,1001,1948,20.530283,100,pass,IN-InDOT-V001-SB_I-65_SRC_2496,17787-17784-1
903,1002,1897,10.973247,100,pass,IN-InDOT-V001-EB_I-94_SRC_21,17180-17245-1
904,1003,1878,3.056255,100,pass,IN-InDOT-V001-EB_I-94_SRC_2056,16787-16895-1
905,1004,1888,9.297776,100,pass,IN-InDOT-V001-EB_I-94_SRC_18,17050-17063-1
906,1005,2003,7.126908,100,pass,IN-InDOT-V001-WB_I-94_SRC_3070,18183-18163-1
907,1006,1882,10.170881,100,pass,IN-InDOT-V001-EB_I-94_SRC_16,16930-16937-1
908,1007,1999,3.609613,100,pass,IN-InDOT-V001-EB_I-94_SRC_3070,18164-18184-1
909,1008,1920,6.279589,100,pass,IN-InDOT-V001-WB_I-94_SRC_7,17244-17167-1
910,1009,1890,11.108462,100,pass,IN-InDOT-V001-WB_I-94_SRC_19,17062-17051-1
911,1010,1957,15.252468,100,pass,IN-InDOT-V001-SB_I-65_SRC_2473,17814-17790-1
912,1011,2126,11.720872,100,pass,IN-InDOT-V001-SB_I-65_SRC_2503,22249-17861-1
913,1012,1932,27.78887,100,pass,IN-InDOT-V001-WB_I-94_SRC_24,17524-17357-1
914,1013,1872,15.984984,100,pass,IN-InDOT-V001-EB_I-94_SRC_11,16714-16787-1
915,1014,1932,20.744286,100,pass,IN-InDOT-V001-WB_I-94_SRC_2062,17524-17357-1
916,1015,1928,11.103115,100,pass,IN-InDOT-V001-EB_I-94_SRC_2505,17358-17523-1
917,1016,1925,11.567882,100,pass,IN-InDOT-V001-WB_I-94_SRC_22,17327-17244-1
918,1017,1920,21.118049,100,pass,IN-InDOT-V001-WB_I-94_SRC_21,17244-17167-1
919,1018,1991,14.29973,100,pass,IN-InDOT-V001-WB_I-94_SRC_2054,18122-22220-1
920,1019,1973,13.10895,100,pass,IN-InDOT-V001-NB_I-65_SRC_3158,17888-17927-1
921,1020,1897,11.909024,100,pass,IN-InDOT-V001-EB_I-94_SRC_2064,17180-17245-1
922,1021,1966,3.406057,100,pass,IN-InDOT-V001-SB_I-65_SRC_2471,17861-17815-1
923,1022,1973,34.049192,100,pass,IN-InDOT-V001-NB_I-65_SRC_3159,17888-17927-1
924,1023,1926,3.992587,100,pass,IN-InDOT-V001-EB_I-94_SRC_6,17328-17358-1
925,1024,1957,16.929481,100,pass,IN-InDOT-V001-SB_I-65_SRC_2032,17814-17790-1
926,1025,1926,11.704572,100,pass,IN-InDOT-V001-EB_I-94_SRC_22,17328-17358-1
927,1026,2066,6.399666,100,pass,IN-InDOT-V001-EB_I-94_SRC_27,22240-17726-1
928,1027,1949,31.103153,100,fail,IN-InDOT-V001-NB_I-65_SRC_2497,17790-17787-1
929,1028,1944,11.008032,100,pass,IN-InDOT-V001-WB_I-94_SRC_27,17724-22237-1
930,1029,1956,0.980889,100,pass,IN-InDOT-V001-NB_I-65_SRC_2040,17812-17828-1
931,1030,1963,3.357019,100,pass,IN-InDOT-V001-NB_I-65_SRC_2476,17830-17866-1
932,1031,1982,6.32268,100,pass,IN-InDOT-V001-SB_I-65_SRC_3160,17934-22247-1
933,1032,1966,2.501687,100,pass,IN-InDOT-V001-SB_I-65_SRC_2030,17861-17815-1
934,1033,1884,8.310771,100,pass,IN-InDOT-V001-EB_I-94_SRC_17,16937-17012-1
935,1034,1879,19.902674,100,pass,IN-InDOT-V001-WB_I-94_SRC_14,16894-16786-1
936,1035,1937,20.171228,100,pass,IN-InDOT-V001-WB_I-94_SRC_3,17576-22227-1
937,1036,1956,3.695807,100,pass,IN-InDOT-V001-NB_I-65_SRC_2032,17812-17828-1
938,1037,1932,17.385643,100,pass,IN-InDOT-V001-WB_I-94_SRC_4,17524-17357-1
939,1038,1936,7.879536,100,pass,IN-InDOT-V001-EB_I-94_SRC_2055,17575-17664-1
940,1039,1966,42.451245,100,pass,IN-InDOT-V001-SB_I-65_SRC_2501,17861-17815-1
941,1040,1883,7.145247,100,pass,IN-InDOT-V001-WB_I-94_SRC_16,16936-16929-1
942,1041,1928,5.891912,100,pass,IN-InDOT-V001-EB_I-94_SRC_2062,17358-17523-1
943,1042,1932,25.828643,100,pass,IN-InDOT-V001-WB_I-94_SRC_23,17524-17357-1
944,1043,1938,8.673353,100,pass,IN-InDOT-V001-WB_I-94_SRC_2055,17663-17576-1
945,1044,1990,17.809139,100,pass,IN-InDOT-V001-EB_I-94_SRC_2054,7240-18124-1
946,1045,1891,11.997103,100,pass,IN-InDOT-V001-EB_I-94_SRC_19,17063-17180-1
947,1046,1996,10.385374,100,pass,IN-InDOT-V001-EB_I-94_SRC_2485,18148-18164-1
948,1047,1966,21.102641,100,pass,IN-InDOT-V001-SB_I-65_SRC_2027,17861-17815-1
949,1048,2120,18.247611,100,pass,IN-InDOT-V001-SB_I-65_SRC_3159,22247-17878-1
950,1049,2101,25.401861,100,pass,IN-InDOT-V001-SB_I-65_SRC_2499,22250-17814-1
951,1050,1957,12.236951,100,pass,IN-InDOT-V001-SB_I-65_SRC_2528,17814-17790-1
952,1051,1872,9.054343,100,pass,IN-InDOT-V001-EB_I-94_SRC_13,16714-16787-1
953,1052,1936,8.258519,100,pass,IN-InDOT-V001-EB_I-94_SRC_26,17575-17664-1
954,1053,1928,3.122215,100,pass,IN-InDOT-V001-EB_I-94_SRC_5,17358-17523-1
955,1054,2063,9.848981,100,pass,IN-InDOT-V001-EB_I-94_SRC_3,22231-17575-1
956,1055,1963,2.184066,100,pass,IN-InDOT-V001-NB_I-65_SRC_2502,17830-17866-1
957,1056,1938,10.041018,100,pass,IN-InDOT-V001-WB_I-94_SRC_26,17663-17576-1
958,1057,1878,1.70809,100,pass,IN-InDOT-V001-EB_I-94_SRC_14,16787-16895-1
959,1058,1979,33.092449,100,pass,IN-InDOT-V001-NB_I-65_SRC_3160,17927-17942-1
960,1059,2100,23.394399,100,pass,IN-InDOT-V001-NB_I-65_SRC_2500,22253-17830-1
961,1060,1879,17.466993,100,pass,IN-InDOT-V001-WB_I-94_SRC_2056,16894-16786-1
962,1061,1927,15.08903,100,pass,IN-InDOT-V001-WB_I-94_SRC_6,17357-17327-1
963,1062,1963,25.370771,100,pass,IN-InDOT-V001-NB_I-65_SRC_2501,17830-17866-1
964,1063,1957,15.7117,100,pass,IN-InDOT-V001-SB_I-65_SRC_2040,17814-17790-1
965,1064,1928,8.848661,100,pass,IN-InDOT-V001-EB_I-94_SRC_24,17358-17523-1
966,1065,2071,0.010203,100,pass,IN-InDOT-V001-WB_I-94_SRC_2484,22196-18122-1
967,1066,1872,12.610061,100,pass,IN-InDOT-V001-EB_I-94_SRC_12,16714-16787-1
968,1067,1928,8.857988,100,pass,IN-InDOT-V001-EB_I-94_SRC_4,17358-17523-1
969,1068,1893,9.422921,100,pass,IN-InDOT-V001-WB_I-94_SRC_8,17167-17062-1
970,1069,1889,19.338698,100,pass,IN-InDOT-V001-WB_I-94_SRC_10,17051-17011-1
971,1070,1956,12.647511,100,pass,IN-InDOT-V001-NB_I-65_SRC_2473,17812-17828-1
972,1071,1963,0.524711,100,pass,IN-InDOT-V001-NB_I-65_SRC_2027,17830-17866-1
